,time,Latency
0,1560561840,727666.5561338193
1,1560562740,725762.5819561222
2,1560563640,584923.5669604467
3,1560564540,531019.5442984129
4,1560565440,522355.2167094935
5,1560566340,664796.9639684124
6,1560567240,684350.2472194681
7,1560568140,497479.89593926776
8,1560569040,498480.65380320436
9,1560569940,504561.0778688676
10,1560570840,462227.36896558816
11,1560571740,465893.79535001103
12,1560572640,460586.61877198296
13,1560573540,466397.4319798313
14,1560574440,467498.2633392803
15,1560575340,492561.798947002
16,1560576240,480890.8428178079
17,1560577140,489200.71369964455
18,1560578040,492740.0980715558
19,1560578940,489677.47239948396
20,1560579840,496142.2514447756
21,1560580740,475914.50210460264
22,1560581640,483745.6276057648
23,1560582540,493281.27494006586
24,1560583440,476843.4766490588
25,1560584340,468923.97122589534
26,1560585240,485618.4254559854
27,1560586140,484338.3206637204
28,1560587040,489881.10061173537
29,1560587940,474902.1043332241
30,1560588840,496097.08939078625
31,1560589740,484626.1324333802
32,1560590640,466243.9590365108
33,1560591540,488124.26298878837
34,1560592440,487940.81355404144
35,1560593340,504126.27656017785
36,1560594240,485725.7916227036
37,1560595140,483762.8021097738
38,1560596040,494893.12264235324
39,1560596940,499792.616577488
40,1560597840,483351.80261422007
41,1560598740,482813.88594446296
42,1560599640,477532.8918801608
43,1560600540,492435.0391795727
44,1560601440,485454.9801391506
45,1560602340,485057.03523782233
46,1560603240,490253.3259152591
47,1560604140,498783.6568248781
48,1560605040,485688.7375662916
49,1560605940,478565.73349981377
50,1560606840,483235.74470745586
51,1560607740,517410.26778640144
52,1560608640,495729.7605799781
53,1560609540,615476.6673336126
54,1560610440,518508.5569121429
55,1560611340,432622.9553564087
56,1560612240,419939.8644528724
57,1560613140,421264.61193396687
58,1560614040,351096.5587077364
59,1560614940,342848.606174318
60,1560615840,400513.00946160336
61,1560616740,450145.81696008093
62,1560617640,567863.0143866519
63,1560618540,694190.3131078244
64,1560619440,690552.5961505318
65,1560620340,684849.5595779427
66,1560621240,711241.9965041074
67,1560622140,804353.6836079095
68,1560623040,733347.8919143634
69,1560623940,727932.5982698625
70,1560624840,693320.8561202635
71,1560625740,769785.8795799075
72,1560626640,728053.9000122622
73,1560627540,742400.4101826625
74,1560628440,708883.7028940588
75,1560629340,726430.9091268625
76,1560630240,680785.9441333251
77,1560631140,677889.3783771654
78,1560632040,616936.9859517142
79,1560632940,619095.1056205059
80,1560633840,591298.7970007567
81,1560634740,588080.7937057128
82,1560635640,542813.9676583946
83,1560636540,591749.8243783459
84,1560637440,552780.8436681875
85,1560638340,539351.5399275757
86,1560639240,526594.2204218163
87,1560640140,408019.756268915
88,1560641040,386915.0615694641
89,1560641940,459849.78949184
90,1560642840,557832.4823658477
91,1560643740,469466.9676835741
92,1560644640,467935.9456376306
93,1560645540,449387.8634918078
94,1560646440,496996.8668727084
95,1560647340,510490.18752108986
96,1560648240,507907.1688407586
97,1560649140,518022.2448385212
98,1560650040,498121.65001035464
99,1560650940,505525.7738508144
100,1560651840,499546.3869527209
101,1560652740,486737.15440794727
102,1560653640,485101.89282354305
103,1560654540,491246.9765502394
104,1560655440,484173.6937242535
105,1560656340,485505.61324755684
106,1560657240,486782.9805032247
107,1560658140,507248.25406397885
108,1560659040,492526.65828634
109,1560659940,490810.36094779876
110,1560660840,489197.1235744279
111,1560661740,511025.75225575536
112,1560662640,489699.9939337218
113,1560663540,481970.7293614222
114,1560664440,488153.1839734327
115,1560665340,492362.63595010806
116,1560666240,487833.9571359712
117,1560667140,468425.673995869
118,1560668040,484904.26800513634
119,1560668940,484187.24333127204
120,1560669840,485439.67579114594
121,1560670740,488185.9106650561
122,1560671640,467261.9468932996
123,1560672540,495982.4711499108
124,1560673440,497973.06311716296
125,1560674340,454595.4164875267
126,1560675240,466850.216625672
127,1560676140,474224.4773661708
128,1560677040,491478.768060819
129,1560677940,469417.7388846833
130,1560678840,489792.77485064033
131,1560679740,470127.97204062046
132,1560680640,475897.86153763084
133,1560681540,485657.0047462082
134,1560682440,454145.64728661854
135,1560683340,496927.82437649206
136,1560684240,491535.1330128628
137,1560685140,490288.655365197
138,1560686040,469011.30182898906
139,1560686940,499627.3159748937
140,1560687840,471804.412541314
141,1560688740,479095.8653484467
142,1560689640,486317.8851092715
143,1560690540,498393.85185911285
144,1560691440,482753.3816207001
145,1560692340,462672.6932909657
146,1560693240,489473.18447305507
147,1560694140,472704.26436717587
148,1560695040,464477.0390717397
149,1560695940,414359.0602213024
150,1560696840,415829.1741209772
151,1560697740,407132.5647459754
152,1560698640,395031.38033800985
153,1560699540,356809.33981939015
154,1560700440,318265.95781884494
155,1560701340,345223.1268503137
156,1560702240,397695.74380303884
157,1560703140,449887.17749178334
158,1560704040,580031.3420826617
159,1560704940,688999.9723308439
160,1560705840,679157.8903187383
161,1560706740,682864.8934422092
162,1560707640,714330.4667341798
163,1560708540,785704.4709700437
164,1560709440,732060.1193802279
165,1560710340,724042.5916503204
166,1560711240,675317.2542079656
167,1560712140,745583.5893413904
168,1560713040,718720.2440936657
169,1560713940,724048.7914139978
170,1560714840,674095.0470510623
171,1560715740,703989.1749762956
172,1560716640,673215.3048222564
173,1560717540,652914.3585575982
174,1560718440,600252.7230954672
175,1560719340,614278.9280959225
176,1560720240,574686.1601906855
177,1560721140,551681.6909626428
178,1560722040,524623.1379892497
179,1560722940,471559.2109945236
180,1560723840,377675.69584848185
181,1560724740,369370.26618034556
182,1560725640,472143.8093959359
183,1560726540,394559.6896279556
184,1560727440,395507.7848847984
185,1560728340,408813.3920260388
186,1560729240,439262.28884262993
187,1560730140,491234.7524921609
188,1560731040,476798.3545836194
189,1560731940,486263.7468126562
190,1560732840,513952.0283336752
191,1560733740,547090.7057365322
192,1560734640,538906.7729153255
193,1560735540,537811.796539755
194,1560736440,524624.5995291326
195,1560737340,517686.94459691376
196,1560738240,521019.41091111134
197,1560739140,494621.07166313357
198,1560740040,543869.312315082
199,1560740940,568694.6356099107
200,1560741840,526742.9817441719
201,1560742740,516340.95327500545
202,1560743640,485271.69204223074
203,1560744540,479375.7374481597
204,1560745440,490322.56660131976
205,1560746340,477377.0507809586
206,1560747240,495201.085866837
207,1560748140,485202.36848473386
208,1560749040,505017.0762874286
209,1560749940,477968.7857823364
210,1560750840,455191.450083627
211,1560751740,444806.170120255
212,1560752640,423917.7922954229
213,1560753540,427546.79475208244
214,1560754440,454239.9563216247
215,1560755340,452968.1621953784
216,1560756240,465438.2312209409
217,1560757140,472608.07861209277
218,1560758040,497637.1802988292
219,1560758940,517541.4220115434
220,1560759840,529896.2693214774
221,1560760740,536717.8869123831
222,1560761640,551749.2028470079
223,1560762540,553437.631141052
224,1560763440,564870.0789689415
225,1560764340,554676.1825753597
226,1560765240,517265.48050648946
227,1560766140,546149.7748119342
228,1560767040,538088.8902408686
229,1560767940,462249.40840319265
230,1560768840,462682.7570840623
231,1560769740,482648.6126645879
232,1560770640,482523.6307596805
233,1560771540,499982.8504051195
234,1560772440,490276.3340271914
235,1560773340,500985.5396682575
236,1560774240,491246.0562713683
237,1560775140,495274.2844829733
238,1560776040,485585.47731637117
239,1560776940,498416.2563150339
240,1560777840,493796.18594369077
241,1560778740,491921.6190917173
242,1560779640,493125.2270647536
243,1560780540,488942.26173066295
244,1560781440,462797.2205807567
245,1560782340,447314.41384094744
246,1560783240,400863.7797819792
247,1560784140,416471.4512054261
248,1560785040,400972.79685569514
249,1560785940,390677.6879497272
250,1560786840,321562.403971701
251,1560787740,341673.87788527267
252,1560788640,410272.8349279149
253,1560789540,455336.56680470955
254,1560790440,569198.8893614026
255,1560791340,706937.7879016754
256,1560792240,686557.560602737
257,1560793140,707959.6207462735
258,1560794040,705855.9140892287
259,1560794940,824902.3268810619
260,1560795840,749968.0651421935
261,1560796740,754640.3718828091
262,1560797640,673651.4479717535
263,1560798540,725507.2721240137
264,1560799440,714462.303365945
265,1560800340,740241.3141556273
266,1560801240,710582.9789777446
267,1560802140,711512.8966107675
268,1560803040,678093.3196982045
269,1560803940,652117.0967846366
270,1560804840,593898.9460626764
271,1560805740,614430.9788118707
272,1560806640,587208.0396541174
273,1560807540,592543.9310768986
274,1560808440,517240.78607211844
275,1560809340,579385.3904714981
276,1560810240,522593.6369851737
277,1560811140,503656.47258591617
278,1560812040,518065.8829328623
279,1560812940,585196.3676827519
280,1560813840,567110.6124337015
281,1560814740,614928.5027669667
282,1560815640,619105.5540510333
283,1560816540,702435.4176874139
284,1560817440,676682.1347290183
285,1560818340,684195.1779568236
286,1560819240,716862.4367768626
287,1560820140,746327.581621467
288,1560821040,736857.0342698536
289,1560821940,725369.4942093021
290,1560822840,725583.66282181
291,1560823740,720404.420458803
292,1560824640,668988.3091291995
293,1560825540,686433.0173888224
294,1560826440,628411.4886333306
295,1560827340,517983.50138347596
296,1560828240,489762.7941114633
297,1560829140,585346.8037399077
298,1560830040,651089.0710306198
299,1560830940,597294.4544584717
300,1560831840,448997.995170931
301,1560832740,451119.64227173786
302,1560833640,437298.95939662465
303,1560834540,426322.3563179595
304,1560835440,436479.3453620694
305,1560836340,425932.536574518
306,1560837240,434504.2067196875
307,1560838140,460289.8622534132
308,1560839040,454834.79719729384
309,1560839940,414472.03010037827
310,1560840840,437756.3436016563
311,1560841740,456802.8794685406
312,1560842640,456459.19932828925
313,1560843540,422390.75736433343
314,1560844440,424189.7512616244
315,1560845340,448952.20281171636
316,1560846240,454028.1942519556
317,1560847140,430716.03713182535
318,1560848040,458099.99161724787
319,1560848940,477581.1580680033
320,1560849840,465435.8401113415
321,1560850740,455330.0332214521
322,1560851640,492777.429524912
323,1560852540,508346.2395358678
324,1560853440,485633.07998695446
325,1560854340,457667.1886392544
326,1560855240,460546.62215686863
327,1560856140,466714.3054454298
328,1560857040,458770.3120232299
329,1560857940,445528.9203558182
330,1560858840,447128.2183241921
331,1560859740,481691.8962920921
332,1560860640,451623.2810573961
333,1560861540,465577.0778191362
334,1560862440,479254.389156189
335,1560863340,491876.94880199205
336,1560864240,459885.64138655463
337,1560865140,498678.65577569633
338,1560866040,462839.25911412085
339,1560866940,471324.52176374395
340,1560867840,467449.4323059275
341,1560868740,445659.0739790614
342,1560869640,415095.11936937063
343,1560870540,408913.2042326458
344,1560871440,396858.87426487694
345,1560872340,378138.7435072533
346,1560873240,307373.11312439205
347,1560874140,343074.1000985726
348,1560875040,393174.06450019486
349,1560875940,438025.56672715035
350,1560876840,553623.7138488983
351,1560877740,690804.9255602874
352,1560878640,649590.2687428308
353,1560879540,663897.1046571138
354,1560880440,687002.3060237243
355,1560881340,767314.1683040046
356,1560882240,737024.8945986701
357,1560883140,708537.2729039227
358,1560884040,627997.2810819179
359,1560884940,728175.7442508958
360,1560885840,729208.8873308644
361,1560886740,720294.916700551
362,1560887640,687024.4248790448
363,1560888540,700615.3067348502
364,1560889440,661434.6106631154
365,1560890340,652039.0977774371
366,1560891240,598605.7558228796
367,1560892140,602360.506725091
368,1560893040,570508.027195529
369,1560893940,587181.8469204311
370,1560894840,518985.21899852244
371,1560895740,527846.6626625707
372,1560896640,524156.9634815383
373,1560897540,510330.6868088294
374,1560898440,505271.0340031954
375,1560899340,570544.6772438429
376,1560900240,583543.0675623928
377,1560901140,590918.7060063705
378,1560902040,632402.6746239027
379,1560902940,696495.5756083623
380,1560903840,681749.3737824989
381,1560904740,682387.2288476045
382,1560905640,717465.8050992661
383,1560906540,740962.8349884974
384,1560907440,739702.595263214
385,1560908340,745691.1969836302
386,1560909240,735997.292274538
387,1560910140,645335.8906121097
388,1560911040,538360.9154072009
389,1560911940,520412.38332854083
390,1560912840,650343.1116985623
391,1560913740,700053.6435843637
392,1560914640,567359.5940353245
393,1560915540,463067.5574138665
394,1560916440,480049.4159898869
395,1560917340,481809.8114567975
396,1560918240,472838.52865335916
397,1560919140,466244.6106316769
398,1560920040,467148.5640065549
399,1560920940,477800.21053625044
400,1560921840,459903.68321917846
401,1560922740,453383.2550381693
402,1560923640,448023.14892701607
403,1560924540,452333.2145785565
404,1560925440,473026.3582202779
405,1560926340,473421.61172436154
406,1560927240,438734.22269418335
407,1560928140,446668.00139663165
408,1560929040,447690.3273222405
409,1560929940,436860.0224384318
410,1560930840,451327.6072009938
411,1560931740,467134.12366174755
412,1560932640,465822.33711535553
413,1560933540,460917.6456386645
414,1560934440,487453.1361725973
415,1560935340,519878.8804341743
416,1560936240,503617.55644439283
417,1560937140,452220.9677857633
418,1560938040,456699.84584776376
419,1560938940,467377.5870362893
420,1560939840,484469.0954877027
421,1560940740,470597.1841154081
422,1560941640,480161.3093484048
423,1560942540,490653.5923451239
424,1560943440,468699.42022231553
425,1560944340,473408.5449993182
426,1560945240,486252.6836520448
427,1560946140,484784.40799675573
428,1560947040,478994.90753368364
429,1560947940,463758.4554003052
430,1560948840,484985.8591052022
431,1560949740,491179.1062221671
432,1560950640,461125.5428116372
433,1560951540,466883.9339225922
434,1560952440,480165.6659184331
435,1560953340,470658.8549282434
436,1560954240,458367.4330357092
437,1560955140,426680.61591656203
438,1560956040,425347.17226486566
439,1560956940,403193.7219010038
440,1560957840,385026.81017255376
441,1560958740,372497.495254269
442,1560959640,314430.48102429125
443,1560960540,327070.8776371571
444,1560961440,397337.7795206233
445,1560962340,446385.5986651309
446,1560963240,555687.8287272514
447,1560964140,699565.3613203022
448,1560965040,678218.1341060699
449,1560965940,671115.4967418856
450,1560966840,715801.1153138358
451,1560967740,814502.0107767448
452,1560968640,766991.719387972
453,1560969540,727468.8133690084
454,1560970440,684271.4802357706
455,1560971340,748711.6640322488
456,1560972240,731137.3518264947
457,1560973140,735144.8928574797
458,1560974040,697404.5568046167
459,1560974940,706432.1498613057
460,1560975840,658184.8978495877
461,1560976740,642245.4810806186
462,1560977640,609917.968063681
463,1560978540,618146.6230946591
464,1560979440,570436.1883273182
465,1560980340,550690.376476187
466,1560981240,513344.0803098724
467,1560982140,545358.5057564792
468,1560983040,514962.7211372521
469,1560983940,500356.2568196301
470,1560984840,507095.0412353736
471,1560985740,551789.2853214529
472,1560986640,574603.0253690153
473,1560987540,589149.5416817196
474,1560988440,628799.865718247
475,1560989340,686650.3103138278
476,1560990240,686841.6770257653
477,1560991140,680387.5316106549
478,1560992040,701622.7787979937
479,1560992940,760481.9240060312
480,1560993840,773168.1283794891
481,1560994740,704955.9199440144
482,1560995640,771001.6337544963
483,1560996540,762344.7127599333
484,1560997440,649048.0958695483
485,1560998340,521878.6291496255
486,1560999240,532321.3384468044
487,1561000140,663507.6516254961
488,1561001040,691822.5564183792
489,1561001940,592902.0982057811
490,1561002840,468719.7271035148
491,1561003740,487467.01426922926
492,1561004640,479869.98665231385
493,1561005540,467706.0074637786
494,1561006440,463276.90590213554
495,1561007340,471847.4908333801
496,1561008240,452051.9030692148
497,1561009140,420326.902943941
498,1561010040,445702.70667897107
499,1561010940,449899.537700795
500,1561011840,487151.46131624596
501,1561012740,455662.54561510816
502,1561013640,467847.08268049284
503,1561014540,452790.7972430371
504,1561015440,468257.97326771996
505,1561016340,469316.6364413983
506,1561017240,460244.3515535731
507,1561018140,440948.83746467717
508,1561019040,492545.99580303876
509,1561019940,469334.8665403647
510,1561020840,468093.0031963175
511,1561021740,464406.8963981554
512,1561022640,488312.85910632036
513,1561023540,468665.82427864964
514,1561024440,487278.89563516
515,1561025340,489838.1646094044
516,1561026240,484765.5489166597
517,1561027140,481063.1035791336
518,1561028040,488213.1088943776
519,1561028940,514721.43572286295
520,1561029840,495540.5705444547
521,1561030740,477119.8101373719
522,1561031640,483678.74064706295
523,1561032540,500520.37451931817
524,1561033440,503411.7192796795
525,1561034340,468158.8535783208
526,1561035240,488570.63294445263
527,1561036140,513648.6881160926
528,1561037040,498474.40331710695
529,1561037940,469511.8709012958
530,1561038840,479139.0185872726
531,1561039740,480601.92599148455
532,1561040640,466111.228274464
533,1561041540,441933.4639383406
534,1561042440,412981.51800088014
535,1561043340,411793.73068715003
536,1561044240,388401.5908142352
537,1561045140,369510.01573802694
538,1561046040,296607.8597909465
539,1561046940,321452.8006537286
540,1561047840,384590.91766147414
541,1561048740,444907.3786376521
542,1561049640,562672.7886376416
543,1561050540,685026.543909841
544,1561051440,672896.091686147
545,1561052340,680094.3151199628
546,1561053240,697296.2507873229
547,1561054140,792252.544654337
548,1561055040,730158.3552411521
549,1561055940,709814.8184630626
550,1561056840,684015.8442714635
551,1561057740,770309.1187881988
552,1561058640,713727.3292925399
553,1561059540,732050.1883572299
554,1561060440,665454.6175479816
555,1561061340,674052.4258560613
556,1561062240,628000.5627646738
557,1561063140,613633.6299511307
558,1561064040,581307.0100508387
559,1561064940,605139.7591681473
560,1561065840,558001.5190556538
561,1561066740,546264.733296974
562,1561067640,520767.85106953635
563,1561068540,553560.5716771495
564,1561069440,518782.54622571287
565,1561070340,507432.01663594967
566,1561071240,494448.10969744326
567,1561072140,569725.7610463474
568,1561073040,569835.3584652026
569,1561073940,574662.2885070406
570,1561074840,668417.6394473318
571,1561079340,732207.7980344155
572,1561080240,753282.5804641303
573,1561081140,731730.133352631
574,1561082040,726761.9580345295
575,1561082940,725484.9452901096
576,1561083840,529470.9415651986
577,1561084740,517229.22982611903
578,1561085640,587438.083269417
579,1561086540,670059.5088107117
580,1561087440,656578.3902259909
581,1561088340,481656.884308013
582,1561089240,481367.93080804206
583,1561090140,493820.437655811
584,1561091040,473819.0781384301
585,1561091940,472590.977624039
586,1561092840,472233.46002813376
587,1561093740,480498.1205805529
588,1561094640,458879.44756918645
589,1561095540,488228.47854087414
590,1561096440,473796.99945393956
591,1561097340,480773.6426240227
592,1561098240,456188.735539723
593,1561099140,438936.6861904788
594,1561100040,442906.3161562055
595,1561100940,445961.3277830283
596,1561101840,473355.54044560215
597,1561102740,441143.5809168257
598,1561103640,469108.0543501672
599,1561104540,457612.84913812013
600,1561105440,466469.93980338494
601,1561106340,480073.5495136759
602,1561107240,471775.5632819536
603,1561108140,485684.9723554348
604,1561109040,494317.1387347405
605,1561109940,471752.0558946576
606,1561110840,483492.28152974084
607,1561111740,487480.76071037096
608,1561112640,466189.27418098913
609,1561113540,471137.15856734937
610,1561114440,473423.8063940945
611,1561115340,473338.6147792368
612,1561116240,468562.08362544054
613,1561117140,467446.11341212725
614,1561118040,454674.1695135621
615,1561118940,477177.56094208837
616,1561119840,486832.93976901314
617,1561120740,488899.2209782377
618,1561121640,484877.8010401603
619,1561122540,489729.6407820944
620,1561123440,470457.14395480935
621,1561124340,466184.17619262834
622,1561125240,473073.674035583
623,1561126140,493320.9786111252
624,1561127040,470094.4430624724
625,1561127940,445365.23597054434
626,1561128840,438542.0131089302
627,1561129740,424820.64814606344
628,1561130640,404979.36746372265
629,1561131540,391155.554975485
630,1561132440,313642.93868235004
631,1561133340,335042.151420057
632,1561134240,387037.69462887273
633,1561135140,444145.1584123084
634,1561136040,555481.9069711694
635,1561136940,682387.5587974106
636,1561137840,655799.7451690413
637,1561138740,672710.370317081
638,1561139640,679858.0854767252
639,1561140540,790436.9374614401
640,1561141440,729270.7294749027
641,1561142340,706302.6862896677
642,1561143240,685925.7901953798
643,1561144140,739032.4230600634
644,1561145040,726432.8068939305
645,1561145940,731268.7768696374
646,1561146840,709852.5687944631
647,1561147740,701811.4240378519
648,1561148640,649269.7128790424
649,1561149540,648489.3600647263
650,1561150440,619497.4604907322
651,1561151340,613853.8275493387
652,1561152240,569052.8351211569
653,1561153140,576349.54362605
654,1561154040,505816.67970032006
655,1561154940,540487.1865383552
656,1561155840,529707.2135127576
657,1561156740,521407.6221793015
658,1561157640,521525.5039373971
659,1561158540,537229.1717796873
660,1561159440,513954.84191404126
661,1561160340,544736.731454831
662,1561161240,579225.9275827362
663,1561162140,630283.0346249794
664,1561163040,629962.1430231178
665,1561163940,654426.5752599022
666,1561164840,667229.2416678808
667,1561165740,727221.3470725738
668,1561166640,706198.9626999402
669,1561167540,718497.7123027942
670,1561168440,678010.3492114332
671,1561169340,489349.0343093716
672,1561170240,489002.26044433506
673,1561171140,609420.4929712935
674,1561172040,697549.4448968963
675,1561172940,581570.2891993077
676,1561173840,467510.9236886239
677,1561174740,484421.85098247154
678,1561175640,471136.29803825467
679,1561176540,486538.5884648011
680,1561177440,467924.9763333883
681,1561178340,484543.16745081154
682,1561179240,477251.0518210067
683,1561180140,500141.5139982087
684,1561181040,486474.00520290126
685,1561181940,473951.05443055544
686,1561182840,490925.48885444173
687,1561183740,473646.5167037699
688,1561184640,485300.7233350011
689,1561185540,478945.28124477266
690,1561186440,474691.9653922981
691,1561187340,488005.5818098863
692,1561188240,480501.6189933049
693,1561189140,467758.57987132977
694,1561190040,466110.1987207452
695,1561190940,488652.1334215933
696,1561191840,470391.37837644626
697,1561192740,456752.52876687486
698,1561193640,468252.466594815
699,1561194540,489255.7490770289
700,1561195440,477511.3706072347
701,1561196340,471748.41692735575
702,1561197240,476438.02812386083
703,1561198140,501970.9889247097
704,1561199040,469945.0784197578
705,1561199940,476884.26068715577
706,1561200840,464318.37040294206
707,1561201740,498178.10694737005
708,1561202640,486878.30037700693
709,1561203540,472664.9545264562
710,1561204440,476804.6689347823
711,1561205340,489952.8640389677
712,1561206240,441347.6106610987
713,1561207140,485528.3014478668
714,1561208040,480502.936614441
715,1561208940,499821.1267991585
716,1561209840,474284.32652922143
717,1561210740,476835.31858739245
718,1561211640,460220.7546213973
719,1561212540,472205.8663956828
720,1561213440,474954.5399539313
721,1561214340,432254.56934947416
722,1561215240,427506.43544128264
723,1561216140,419557.55163069273
724,1561217040,410360.7397477471
725,1561217940,388654.4359106727
726,1561218840,311785.95519455
727,1561219740,336258.8874726534
728,1561220640,383631.45351320447
729,1561221540,434540.20521823625
730,1561222440,557862.3478998548
731,1561223340,682895.5886880433
732,1561224240,656906.299510392
733,1561225140,666572.0263375293
734,1561226040,644965.918429567
735,1561226940,769113.7955197876
736,1561227840,731058.3715580051
737,1561228740,713980.0694478329
738,1561229640,679931.0143244055
739,1561230540,746647.1313933806
740,1561231440,711470.7822667741
741,1561232340,701667.2569360308
742,1561233240,701086.1149782307
743,1561234140,688110.8058946178
744,1561235040,661351.3028105457
745,1561235940,645925.479858031
746,1561236840,584639.9562451094
747,1561237740,649666.8168369738
748,1561238640,583292.5258765726
749,1561239540,560560.562867022
750,1561240440,488972.7813733752
751,1561241340,501505.1808008292
752,1561242240,531487.3197718967
753,1561243140,490800.574447456
754,1561244040,504305.194671494
755,1561244940,495496.44340799743
756,1561245840,387244.4452365361
757,1561246740,392061.40585464134
758,1561247640,486309.996359524
759,1561248540,627798.7340949503
760,1561249440,451479.0280918109
761,1561250340,457794.12998485455
762,1561251240,491977.5135317551
763,1561252140,518135.84346228314
764,1561253040,521624.7611284348
765,1561253940,515617.3640280452
766,1561254840,519565.5255419597
767,1561255740,529520.8851973867
768,1561256640,487774.1251707786
769,1561257540,485950.63971942506
770,1561258440,487291.734655213
771,1561259340,497512.2883141189
772,1561260240,486077.18522953626
773,1561261140,483434.77998311596
774,1561262040,476075.5603371485
775,1561262940,481135.05858762155
776,1561263840,472097.2796491398
777,1561264740,482069.3313965056
778,1561265640,492790.41611627967
779,1561266540,505704.5043538346
780,1561267440,496661.76312884234
781,1561268340,474147.4437204767
782,1561269240,479583.79145492456
783,1561270140,492345.6938133558
784,1561271040,488266.26083528897
785,1561271940,481685.4852298837
786,1561272840,455023.9625005122
787,1561273740,479207.3666352629
788,1561274640,461088.3646925051
789,1561275540,457055.5393096402
790,1561276440,465556.5807189334
791,1561277340,495652.4257006205
792,1561278240,458433.22030949936
793,1561279140,480559.75350845355
794,1561280040,464590.903829019
795,1561280940,473494.7813000796
796,1561281840,474272.6836904572
797,1561282740,448240.9106125424
798,1561283640,468552.2683795717
799,1561284540,486232.82468789
800,1561285440,479217.7563105091
801,1561286340,463818.67596074974
802,1561287240,462476.2963690244
803,1561288140,476545.2906675491
804,1561289040,469558.39951265824
805,1561289940,479879.9495996088
806,1561290840,469503.00282257464
807,1561291740,482189.64907925006
808,1561292640,470782.8917123105
809,1561293540,471012.04404855915
810,1561294440,490972.5425540454
811,1561295340,493430.52442636224
812,1561296240,469831.5240377092
813,1561297140,456766.09918675735
814,1561298040,478292.39420397324
815,1561298940,467883.406824958
816,1561299840,445961.2987525147
817,1561300740,418788.07331586763
818,1561301640,407743.2393818163
819,1561302540,403827.32580574363
820,1561303440,380320.779212976
821,1561304340,375859.61902296095
822,1561305240,305394.92989749886
823,1561306140,336045.04321943596
824,1561307040,391269.6740479303
825,1561307940,443060.4720261372
826,1561308840,584189.6682905712
827,1561309740,717093.451428752
828,1561310640,688966.5971648658
829,1561311540,679796.4532304798
830,1561312440,681688.2883754757
831,1561313340,751229.168338174
832,1561314240,781283.586783811
833,1561315140,752948.8487168797
834,1561316040,685680.7964562398
835,1561316940,736004.4678608131
836,1561317840,726531.494605119
837,1561318740,737355.6859390511
838,1561319640,701659.2563884873
839,1561320540,691551.6864190341
840,1561321440,672205.6091701102
841,1561322340,653635.4747629162
842,1561323240,605522.2774743423
843,1561324140,608238.8260412001
844,1561325040,592413.4806194305
845,1561325940,540641.3249632416
846,1561326840,499932.5801378723
847,1561327740,540141.0366657671
848,1561328640,442572.95345073467
849,1561329540,347576.36954629596
850,1561330440,369890.2762492496
851,1561331340,555242.2080640148
852,1561332240,403169.46083579364
853,1561333140,415785.70289456384
854,1561334040,454773.01474188396
855,1561334940,490359.93910261936
856,1561335840,476018.386678828
857,1561336740,478825.05248896003
858,1561337640,528262.8937360184
859,1561338540,552943.3570156439
860,1561339440,539369.8039804378
861,1561340340,533998.5672850094
862,1561341240,557765.003204434
863,1561342140,534839.838984904
864,1561343040,516259.0035701708
865,1561343940,503224.1722779723
866,1561344840,481976.7887024403
867,1561345740,500824.1897730095
868,1561346640,495948.2344316758
869,1561347540,486097.1850644266
870,1561348440,489213.6089751703
871,1561349340,484485.744566121
872,1561350240,482949.92846283066
873,1561351140,488280.02307434246
874,1561352040,481813.39678881585
875,1561352940,489188.52308632806
876,1561353840,484362.90120109526
877,1561354740,474760.8050318659
878,1561355640,473541.97164951294
879,1561356540,492966.16366634134
880,1561357440,458202.57820143376
881,1561358340,459768.92777653877
882,1561359240,463358.4798154862
883,1561360140,470969.1976786921
884,1561361040,445173.4179051182
885,1561361940,481863.5688637209
886,1561362840,653365.5835244026
887,1561363740,659802.1057678144
888,1561364640,468285.457569404
889,1561365540,481033.15588275646
890,1561366440,490684.8898572683
891,1561367340,489601.2454386475
892,1561368240,477760.8577427619
893,1561369140,479325.37149585196
894,1561370040,474722.7196676521
895,1561370940,494594.45338121447
896,1561371840,487059.3755020601
897,1561372740,480483.40548874426
898,1561373640,470844.6414278811
899,1561374540,494926.00726417365
900,1561375440,496628.68567587895
901,1561376340,482423.04312361043
902,1561377240,494932.40371658525
903,1561378140,488656.34260163293
904,1561379040,475643.36794255715
905,1561379940,506102.64007434127
906,1561380840,492169.10324846325
907,1561381740,505960.98492122506
908,1561382640,470948.66493642
909,1561383540,478804.09772888117
910,1561384440,484345.74270637776
911,1561385340,494789.3072333137
912,1561386240,465001.06248906034
913,1561387140,430722.21446090785
914,1561388040,433098.16406771634
915,1561388940,414276.6415423479
916,1561389840,387539.6277435997
917,1561390740,386948.7395768609
918,1561391640,309428.46171975415
919,1561392540,349271.68636153266
920,1561393440,395586.9721834536
921,1561394340,449658.43202708464
922,1561395240,555561.9453606907
923,1561396140,663028.3159667104
924,1561397040,677862.3206136972
925,1561397940,699604.2276429005
926,1561398840,677413.2934788045
927,1561399740,819714.8560144282
928,1561400640,757220.1919211389
929,1561401540,731569.8048906088
930,1561402440,687247.649645043
931,1561403340,742851.6612914732
932,1561404240,731828.1111619284
933,1561405140,735591.7484193151
934,1561406040,715861.5090516623
935,1561406940,725446.9395092566
936,1561407840,678925.9615029112
937,1561408740,656369.6132770979
938,1561409640,593579.226918671
939,1561410540,602740.8268285808
940,1561411440,577765.0555858115
941,1561412340,577295.3277261567
942,1561413240,517466.85862755193
943,1561414140,545433.323777681
944,1561415040,532514.4214599603
945,1561415940,501706.452756472
946,1561416840,509501.6075276007
947,1561417740,567904.508054355
948,1561418640,567816.5850420884
949,1561419540,598883.5706338898
950,1561420440,630948.8456411925
951,1561421340,698503.8923173038
952,1561422240,680581.5414170568
953,1561423140,693691.1787082211
954,1561424040,723250.9609388941
955,1561424940,774099.5564583706
956,1561425840,758784.0673307038
957,1561426740,692035.9128279573
958,1561427640,779349.7558203399
959,1561428540,739523.5431104571
960,1561429440,728604.992826433
961,1561430340,722513.2365845817
962,1561431240,532161.5055868478
963,1561432140,507928.658342213
964,1561433040,534408.9992138835
965,1561433940,687040.954371088
966,1561434840,662339.4843429151
967,1561435740,520285.80346268445
968,1561436640,474799.2589005266
969,1561437540,469404.1369200888
970,1561438440,470148.01554944797
971,1561439340,475033.3207446669
972,1561440240,449997.461295
973,1561441140,456043.0461276892
974,1561442040,450882.58415560296
975,1561442940,468448.9633709764
976,1561443840,463005.8764039454
977,1561444740,449026.88368283573
978,1561445640,451024.4446747825
979,1561446540,444289.4592979822
980,1561447440,446449.73621969315
981,1561448340,431789.55248335056
982,1561449240,465304.35844979546
983,1561450140,477031.5079142612
984,1561451040,460555.0443050416
985,1561451940,441366.4928729672
986,1561452840,477207.17902318225
987,1561453740,466021.95392136025
988,1561454640,479854.5696837467
989,1561455540,477063.37053036265
990,1561456440,472842.15303304244
991,1561457340,480366.88112382864
992,1561458240,481122.83582764876
993,1561459140,464168.73057658284
994,1561460040,477663.3467219684
995,1561460940,467012.44207885716
996,1561461840,511229.50761068624
997,1561462740,495640.181737466
998,1561463640,504250.9422117732
999,1561464540,480078.46532846126
1000,1561465440,467702.4456988043
1001,1561466340,499285.6374512088
1002,1561467240,479201.23222927283
1003,1561468140,500828.0717895513
1004,1561469040,498268.8338849582
1005,1561469940,478776.0255689382
1006,1561470840,510042.75315598596
1007,1561471740,473348.51832635945
1008,1561472640,440663.5521757097
1009,1561473540,434548.2421290203
1010,1561474440,432021.84095449565
1011,1561475340,410692.7542279457
1012,1561476240,397470.5898936104
1013,1561477140,380500.79295045894
1014,1561478040,319875.1040927713
1015,1561478940,365647.0823540589
1016,1561479840,404739.38210292865
1017,1561480740,457629.61027870415
1018,1561481640,563971.2843991581
1019,1561482540,706112.1733735988
1020,1561483440,673960.925877882
1021,1561484340,676781.6436191258
1022,1561485240,693509.6438923242
1023,1561486140,795344.9230420782
1024,1561487040,759295.0364424405
1025,1561487940,732392.1691166175
1026,1561488840,689320.4463784316
1027,1561489740,741392.645290603
1028,1561490640,735691.7859731073
1029,1561491540,739795.9242440318
1030,1561492440,720628.1903504024
1031,1561493340,716709.1236687946
1032,1561494240,681349.1237335711
1033,1561495140,648697.5562804551
1034,1561496040,581974.6809168853
1035,1561496940,622069.3594678633
1036,1561497840,577359.7333548921
1037,1561498740,563134.8364866402
1038,1561499640,517794.340899608
1039,1561500540,536608.6588992511
1040,1561501440,533108.2381381318
1041,1561502340,481794.4968806556
1042,1561503240,497860.76040580566
1043,1561504140,565505.8359338163
1044,1561505040,555048.8732023325
1045,1561505940,581283.2216968276
1046,1561506840,619543.6228574568
1047,1561507740,674935.0190337255
1048,1561508640,685190.4743723033
1049,1561509540,664097.907048042
1050,1561510440,721054.6415536305
1051,1561511340,721045.7361031068
1052,1561512240,728128.2988562143
1053,1561513140,724997.8736632796
1054,1561514040,747952.6844248004
1055,1561514940,764433.0415732155
1056,1561515840,742054.2879157276
1057,1561516740,747786.5855562788
1058,1561517640,581931.8046413993
1059,1561518540,563475.1258747005
1060,1561519440,517208.3658755491
1061,1561520340,671361.5815577948
1062,1561521240,641752.6216859069
1063,1561522140,466078.5525464053
1064,1561523040,473042.984519853
1065,1561523940,445159.93337450986
1066,1561524840,473343.4882561543
1067,1561525740,459854.1672028458
1068,1561526640,463286.3185320632
1069,1561527540,477377.2402055173
1070,1561528440,470653.67915077193
1071,1561529340,470016.09216906904
1072,1561530240,464688.1635768402
1073,1561531140,456333.06902082724
1074,1561532040,506141.65011598065
1075,1561532940,466617.2056954773
1076,1561533840,481823.6016876109
1077,1561534740,472035.9739128965
1078,1561535640,497873.9833760834
1079,1561536540,468785.882012264
1080,1561537440,461337.1797071431
1081,1561538340,463975.92774354026
1082,1561539240,486964.31522851525
1083,1561540140,484108.20649286045
1084,1561541040,499051.4012172606
1085,1561541940,474936.5914111104
1086,1561542840,475621.3777767308
1087,1561543740,494002.6014836363
1088,1561544640,458246.97664838494
1089,1561545540,466378.2150228611
1090,1561546440,478558.44521833124
1091,1561547340,434437.586043014
1092,1561548240,451087.0095505303
1093,1561549140,454849.88810618164
1094,1561550040,456066.8859326842
1095,1561550940,491466.1184783637
1096,1561551840,528514.9238273662
1097,1561552740,514874.3269461501
1098,1561553640,486618.9058840762
1099,1561554540,459925.6873056901
1100,1561555440,493547.29595355934
1101,1561556340,478061.05051942397
1102,1561557240,450187.5910629916
1103,1561558140,464493.126597482
1104,1561559040,448118.58455443825
1105,1561559940,414181.39313617157
1106,1561560840,413553.6864715943
1107,1561561740,393740.05957818974
1108,1561562640,383106.3721455776
1109,1561563540,373290.53668140795
1110,1561564440,305270.1446004047
1111,1561565340,346025.6588287243
1112,1561566240,402806.92519732803
1113,1561567140,446362.55349977943
1114,1561568040,551461.8422852467
1115,1561568940,679106.8239938691
1116,1561569840,676242.8351180911
1117,1561570740,686224.9238700017
1118,1561571640,683755.5122825415
1119,1561572540,798376.6434040676
1120,1561573440,743370.0534660406
1121,1561574340,714357.3728454678
1122,1561575240,686917.3852461628
1123,1561576140,718187.0282281629
1124,1561577040,732742.3850432516
1125,1561577940,711735.0407888043
1126,1561578840,679311.1573867657
1127,1561579740,687626.4937918746
1128,1561580640,641232.0728106201
1129,1561581540,612653.3918290415
1130,1561582440,559460.6098896393
1131,1561583340,563925.1964269483
1132,1561584240,550522.3006308674
1133,1561585140,531918.3737967601
1134,1561586040,484154.83437114843
1135,1561586940,538521.7315932648
1136,1561587840,489830.5448062411
1137,1561588740,478820.0632268466
1138,1561589640,487539.275879398
1139,1561590540,537299.2963141368
1140,1561591440,523292.76175047987
1141,1561592340,575320.6830643202
1142,1561593240,582908.668130703
1143,1561594140,654287.1258683637
1144,1561595040,659046.3780576105
1145,1561595940,659821.7114453007
1146,1561596840,705364.9611034361
1147,1561597740,747384.2596622449
1148,1561598640,736692.2078284572
1149,1561599540,692633.8687395297
1150,1561600440,718796.3105186541
1151,1561601340,728269.0732036266
1152,1561602240,709249.6148306171
1153,1561603140,719100.4273455516
1154,1561604040,710446.2363256242
1155,1561604940,721963.0677627597
1156,1561605840,675495.9034841062
1157,1561606740,494950.49847419164
1158,1561607640,489377.10655978066
1159,1561608540,568534.3390068184
1160,1561609440,650796.3800383626
1161,1561610340,661616.4226090295
1162,1561611240,464707.54254264815
1163,1561612140,471861.53212547424
1164,1561613040,455324.0937670263
1165,1561613940,460978.6236220523
1166,1561614840,459127.7489483572
1167,1561615740,457566.30821174226
1168,1561616640,464323.7620375272
1169,1561617540,427956.6588300459
1170,1561618440,440479.6842630094
1171,1561619340,453929.2559845795
1172,1561620240,464371.81166109175
1173,1561621140,438044.91202925454
1174,1561622040,458963.19486571226
1175,1561622940,459858.3398936356
1176,1561623840,475774.7812219027
1177,1561624740,449405.3525051427
1178,1561625640,455211.2168527003
1179,1561626540,473514.10052816017
1180,1561627440,469215.5411535811
1181,1561628340,473458.2491203172
1182,1561629240,469981.57108170417
1183,1561630140,470772.49158463173
1184,1561631040,495339.2837800024
1185,1561631940,464359.1891669013
1186,1561632840,463273.06490401883
1187,1561633740,464649.43617302866
1188,1561634640,456873.54278445354
1189,1561635540,553123.1809934644
1190,1561636440,731666.1989284989
1191,1561637340,729220.5038836694
1192,1561638240,471262.00895888306
1193,1561639140,479928.9962141642
1194,1561640040,469132.7530505833
1195,1561640940,485596.8249890023
1196,1561641840,471361.6092848794
1197,1561642740,463449.1265906979
1198,1561643640,488379.33288242586
1199,1561644540,455792.19881630474
1200,1561645440,473638.4168158413
1201,1561646340,439527.5826763456
1202,1561647240,422420.74652657023
1203,1561648140,415072.3354717382
1204,1561649040,383203.608977207
1205,1561649940,372419.4569438018
1206,1561650840,321986.24239256134
1207,1561651740,358075.78467396175
1208,1561652640,392193.8793493937
1209,1561653540,441278.0448872619
1210,1561654440,537268.7670125597
1211,1561655340,676180.0021761211
1212,1561656240,650180.1187751673
1213,1561657140,665081.919502348
1214,1561658040,677904.8749953796
1215,1561658940,790031.376602945
1216,1561659840,758499.5405588297
1217,1561660740,709631.4577508845
1218,1561661640,683947.6875046175
1219,1561662540,739755.554279205
1220,1561663440,699460.3555162624
1221,1561664340,728613.5714003104
1222,1561665240,669766.0323006993
1223,1561666140,694889.9146254119
1224,1561667040,607707.179387789
1225,1561667940,622044.3965825886
1226,1561668840,565178.6403845135
1227,1561669740,548729.2234286374
1228,1561670640,530314.9409091835
1229,1561671540,513983.8860368036
1230,1561672440,473612.5168363426
1231,1561673340,484992.76630264556
1232,1561674240,479201.8803859416
1233,1561675140,484932.40534393187
1234,1561676040,474321.6397779928
1235,1561676940,508702.49807637313
1236,1561677840,534018.4823818721
1237,1561678740,544350.4482179164
1238,1561679640,578814.6156773617
1239,1561680540,657592.4150304575
1240,1561681440,647345.3136592055
1241,1561682340,650823.8265578388
1242,1561683240,682644.3852693364
1243,1561684140,706929.4640258619
1244,1561685040,687732.8379454301
1245,1561685940,725929.5658202228
1246,1561686840,793496.9018565874
1247,1561687740,811317.4023711745
1248,1561688640,729609.4136104902
1249,1561689540,702584.3220827106
1250,1561690440,692003.4258944703
1251,1561691340,514012.95929147035
1252,1561692240,476963.8357270177
1253,1561693140,531581.9011462282
1254,1561694040,640932.4214499559
1255,1561694940,658135.0731652629
1256,1561695840,461224.26582005713
1257,1561696740,444223.4212227046
1258,1561697640,437626.996092965
1259,1561698540,452095.9577654119
1260,1561699440,455012.5012542288
1261,1561700340,450610.4674898347
1262,1561701240,479152.69040192995
1263,1561702140,477508.7833258708
1264,1561703040,477359.39976848883
1265,1561703940,455500.300210624
1266,1561704840,458171.1096653103
1267,1561705740,469593.13247999235
1268,1561706640,506647.8218956184
1269,1561707540,453214.53551136114
1270,1561708440,488460.12397457595
1271,1561709340,464139.2672158852
1272,1561710240,508782.6389470893
1273,1561711140,481502.12443819916
1274,1561712040,491369.33205604495
1275,1561712940,484373.3025484079
1276,1561713840,473845.7029364284
1277,1561714740,474758.32383109495
1278,1561715640,502916.64275835804
1279,1561716540,482130.52009184816
1280,1561717440,482659.3676678049
1281,1561718340,468108.57933280594
1282,1561719240,466153.0662716062
1283,1561720140,490886.30657339364
1284,1561721040,478128.83884312003
1285,1561721940,465331.7692793314
1286,1561722840,478365.772950265
1287,1561723740,492263.360652053
1288,1561724640,495204.15550357883
1289,1561725540,465831.380143427
1290,1561726440,456815.1351209199
1291,1561727340,476447.1143603345
1292,1561728240,479658.29258432833
1293,1561729140,482323.2100685003
1294,1561730040,471020.4140100051
1295,1561730940,467348.93367293285
1296,1561731840,468384.37541098613
1297,1561732740,444422.1767712779
1298,1561733640,431034.2290092257
1299,1561734540,411340.2215960692
1300,1561735440,401833.66979494906
1301,1561736340,376114.47690701333
1302,1561737240,302597.1035819598
1303,1561738140,367590.7177439042
1304,1561739040,557145.7859556599
1305,1561739940,435841.9576478753
1306,1561740840,514855.7367413636
1307,1561741740,633908.5243603017
1308,1561742640,633911.9906950347
1309,1561743540,627811.3715495643
1310,1561744440,670223.3406681373
1311,1561745340,745661.3058103294
1312,1561746240,728563.2570087005
1313,1561747140,678534.6534021609
1314,1561748040,658855.5267378197
1315,1561748940,697340.4223026697
1316,1561749840,713896.6394337709
1317,1561750740,694393.4719409231
1318,1561751640,701951.1240401648
1319,1561752540,675474.0406642698
1320,1561753440,642599.8101832765
1321,1561754340,619841.4244304033
1322,1561755240,579055.0421067061
1323,1561756140,584935.9588393073
1324,1561757040,556106.5501930775
1325,1561757940,525949.8329921522
1326,1561758840,470794.72155041154
1327,1561759740,517828.611422292
1328,1561760640,507855.88855869084
1329,1561761540,492437.2137316616
1330,1561762440,490528.3123396246
1331,1561763340,527872.5746563624
1332,1561764240,520961.8800723952
1333,1561765140,524916.3024087275
1334,1561766040,551733.8250464619
1335,1561766940,633495.1211896583
1336,1561767840,624031.1667587303
1337,1561768740,634292.864265824
1338,1561769640,648781.2444122974
1339,1561770540,716764.700975702
1340,1561771440,695657.0356744337
1341,1561772340,696560.7780519915
1342,1561773240,710273.126893089
1343,1561774140,731790.047353479
1344,1561775040,713526.0734415991
1345,1561775940,697111.0622056848
1346,1561776840,626624.1502546525
1347,1561777740,495257.31347883894
1348,1561778640,481108.1546803149
1349,1561779540,609502.9619405761
1350,1561780440,669128.3641785531
1351,1561781340,606502.4303401771
1352,1561782240,468659.25018457725
1353,1561783140,471099.9263703016
1354,1561784040,480571.9107875022
1355,1561784940,480333.26288829313
1356,1561785840,470716.046413994
1357,1561786740,472659.0888639946
1358,1561787640,471462.1392373902
1359,1561788540,503473.27609443973
1360,1561789440,486299.6803040301
1361,1561790340,476167.95375152864
1362,1561791240,459500.23790163285
1363,1561792140,494455.7623035253
1364,1561793040,487964.82680437685
1365,1561793940,459666.446354669
1366,1561794840,475157.1421480867
1367,1561795740,475438.1094811948
1368,1561796640,458645.441662463
1369,1561797540,465230.0688157266
1370,1561798440,453045.5385869349
1371,1561799340,478031.0628228853
1372,1561800240,482904.1589848422
1373,1561801140,464224.2466879725
1374,1561802040,481001.9801847372
1375,1561802940,489386.40791982744
1376,1561803840,457957.6542963778
1377,1561804740,450653.678867542
1378,1561805640,470283.8781896381
1379,1561806540,471409.4783762367
1380,1561807440,460209.85539565084
1381,1561808340,475826.28342281905
1382,1561809240,468136.5705387444
1383,1561810140,465329.5542808303
1384,1561811040,462717.559369277
1385,1561811940,468858.00559684297
1386,1561812840,475625.6633420081
1387,1561813740,457919.43242271856
1388,1561814640,467072.00794256147
1389,1561815540,478328.98527437076
1390,1561816440,476364.6449150454
1391,1561817340,466287.8359986992
1392,1561818240,435090.1805980125
1393,1561819140,423822.83791762416
1394,1561820040,412670.6160599272
1395,1561820940,403922.3546315072
1396,1561821840,388564.7264610579
1397,1561822740,381172.7034023961
1398,1561823640,308703.7045476224
1399,1561824540,349193.91026088956
1400,1561825440,388007.189338259
1401,1561826340,441123.53003575077
1402,1561827240,546478.628365229
1403,1561828140,669517.9484574795
1404,1561829040,653246.1387258878
1405,1561829940,670301.0925668315
1406,1561830840,667099.9290924532
1407,1561831740,785199.6738755986
1408,1561832640,726258.704922201
1409,1561833540,691682.3573494104
1410,1561834440,679402.2037639414
1411,1561835340,729117.0928449844
1412,1561836240,714072.6030586228
1413,1561837140,725090.0859175237
1414,1561838040,694159.1269013119
1415,1561838940,688188.0877689102
1416,1561839840,657717.4289939088
1417,1561840740,621445.0987039167
1418,1561841640,574218.8651745232
1419,1561842540,587393.115185633
1420,1561843440,562264.1686020612
1421,1561844340,531790.4944170342
1422,1561845240,484275.6161860173
1423,1561846140,568902.1306718037
1424,1561847040,531693.4612844888
1425,1561847940,509650.4665183878
1426,1561848840,481725.5231566695
1427,1561849740,494307.71699171525
1428,1561850640,521581.87188984855
1429,1561851540,377679.0168368691
1430,1561852440,404537.12929082854
1431,1561853340,490191.7497126818
1432,1561854240,599577.807379711
1433,1561855140,475598.96738117177
1434,1561856040,447440.8596480395
1435,1561856940,459797.4378275231
1436,1561857840,505764.62837086234
1437,1561858740,511039.250460793
1438,1561859640,519257.66088410973
1439,1561860540,521910.432273687
1440,1561861440,508668.1405813843
1441,1561862340,493382.27320443955
1442,1561863240,493208.99231811607
1443,1561864140,498801.6560568797
1444,1561865040,476404.12012332916
1445,1561865940,468974.03239254624
1446,1561866840,473052.2136882052
1447,1561867740,480116.8915675085
1448,1561868640,473583.6228974237
1449,1561869540,466684.4408434813
1450,1561870440,467838.5372970574
1451,1561871340,488752.02856711857
1452,1561872240,465971.29290008696
1453,1561873140,476232.32015165844
1454,1561874040,476035.1245505372
1455,1561874940,482161.5956730184
1456,1561875840,464451.8323757148
1457,1561876740,441467.3748042192
1458,1561877640,459690.78099597147
1459,1561878540,454456.97596172977
1460,1561879440,445791.9636116473
1461,1561880340,451532.0804637564
1462,1561881240,456107.1950945091
1463,1561882140,462146.7027580351
1464,1561883040,452801.17511850636
1465,1561883940,443563.9788442208
1466,1561884840,455002.03472250944
1467,1561885740,456875.6314424349
1468,1561886640,443466.5562605945
1469,1561887540,452771.9825104136
1470,1561888440,463587.95983663143
1471,1561889340,470182.0763807921
1472,1561890240,451085.46873603074
1473,1561891140,452487.18523976894
1474,1561892040,446582.2683633795
1475,1561892940,479107.2419183374
1476,1561893840,462893.81030152715
1477,1561894740,442512.0759137893
1478,1561895640,449865.6969024385
1479,1561896540,478934.3294236741
1480,1561897440,465735.52699077316
1481,1561898340,471066.4420808886
1482,1561899240,476054.75207084656
1483,1561900140,476524.63955176814
1484,1561901040,471947.83041841636
1485,1561901940,469967.38233076525
1486,1561902840,466902.0190083226
1487,1561903740,448415.4174537267
1488,1561904640,440653.807400315
1489,1561905540,412224.35738396936
1490,1561906440,416133.29064776975
1491,1561907340,400264.14820019377
1492,1561908240,378810.42177823035
1493,1561909140,370854.80265919026
1494,1561910040,308699.03364526073
1495,1561910940,357702.90532405913
1496,1561911840,391564.56578764954
1497,1561912740,440557.284141677
1498,1561913640,553560.366098052
1499,1561914540,661481.3655588093
1500,1561915440,656747.0062298632
1501,1561916340,657741.2709447441
1502,1561917240,664451.966737379
1503,1561918140,783261.1623216692
1504,1561919040,729067.2291777831
1505,1561919940,699546.9866766735
1506,1561920840,678515.8139025455
1507,1561921740,724370.1184379497
1508,1561922640,719317.3971946754
1509,1561923540,701972.6778548129
1510,1561924440,677587.8544204688
1511,1561925340,669397.9343034844
1512,1561926240,615595.0350845816
1513,1561927140,613891.1896139199
1514,1561928040,546495.8965863055
1515,1561928940,597209.4811461217
1516,1561929840,526693.2203884411
1517,1561930740,530350.6630950326
1518,1561931640,479238.2149814001
1519,1561932540,496529.31189065013
1520,1561933440,490215.314422583
1521,1561934340,499745.44461959676
1522,1561935240,450368.3137758116
1523,1561936140,368610.768226717
1524,1561937040,373804.1788238154
1525,1561937940,535883.9717095288
1526,1561938840,463655.86161077017
1527,1561939740,468727.7189327022
1528,1561940640,456854.0194968631
1529,1561941540,463940.4995419719
1530,1561942440,508717.2202933101
1531,1561943340,558916.6789307531
1532,1561944240,535277.3666327695
1533,1561945140,530493.2918868535
1534,1561946040,568796.6341665321
1535,1561946940,528134.9220774525
1536,1561947840,522472.84006147436
1537,1561948740,536326.6144165902
1538,1561949640,517020.25804403913
1539,1561950540,502669.14605263
1540,1561951440,487754.8292194607
1541,1561952340,467408.8188021615
1542,1561953240,449418.0839723149
1543,1561954140,464142.98527899105
1544,1561955040,463396.6955710722
1545,1561955940,455850.26725473994
1546,1561956840,463549.7212286542
1547,1561957740,467125.4512325647
1548,1561958640,480627.61150844436
1549,1561959540,461402.11625092855
1550,1561960440,459276.58659005654
1551,1561961340,450825.2539274853
1552,1561962240,454093.3770315756
1553,1561963140,480488.22568494163
1554,1561964040,495146.8084105853
1555,1561964940,497206.81563631084
1556,1561965840,433135.98027115565
1557,1561966740,444236.05921497557
1558,1561967640,443041.0493687082
1559,1561968540,476704.0853253591
1560,1561969440,476312.9001094873
1561,1561970340,443684.86403974955
1562,1561971240,465511.0962604869
1563,1561972140,486834.35517688503
1564,1561973040,505084.25781369244
1565,1561973940,459655.8097729403
1566,1561974840,488168.14732060133
1567,1561975740,473212.7248687272
1568,1561976640,467633.1811515019
1569,1561977540,452929.4778483376
1570,1561978440,458656.57270522846
1571,1561979340,438716.4774425682
1572,1561980240,454378.5314265539
1573,1561981140,438774.0763104441
1574,1561982040,472807.72826378705
1575,1561982940,479312.119489739
1576,1561983840,472685.0021129829
1577,1561984740,468479.68829055806
1578,1561985640,470909.605877556
1579,1561986540,484092.88819507667
1580,1561987440,466683.59724451666
1581,1561988340,456450.2347283819
1582,1561989240,466963.94899298064
1583,1561990140,487181.8035776791
1584,1561991040,469527.3759090504
1585,1561991940,463503.19974230026
1586,1561992840,473082.54473463655
1587,1561993740,444510.7957349386
1588,1561994640,404571.3928969269
1589,1561995540,389430.3091358207
1590,1561996440,343240.34651337255
1591,1561997340,380225.0380490266
1592,1561998240,391868.93742602214
1593,1561999140,382422.9465146803
1594,1562000040,487373.4560746916
1595,1562000940,600877.0199438281
1596,1562001840,598013.2919361865
1597,1562002740,570286.5202757751
1598,1562003640,594336.7578605735
1599,1562004540,684933.4451489436
1600,1562005440,659046.1842004257
1601,1562006340,591078.5220766217
1602,1562007240,595561.3473825104
1603,1562008140,629212.4613779985
1604,1562009040,669357.7492736015
1605,1562009940,644319.4327675129
1606,1562010840,660785.4167976653
1607,1562011740,658385.2180887911
1608,1562012640,677992.3868646665
1609,1562013540,645939.1143767752
1610,1562014440,623359.8974921844
1611,1562015340,619825.1726575681
1612,1562016240,611807.7750970542
1613,1562017140,614382.5467949114
1614,1562018040,595308.6286874824
1615,1562018940,604595.476982095
1616,1562019840,580379.7995108159
1617,1562020740,578500.3242353128
1618,1562021640,570143.8317112535
1619,1562022540,600948.0362442967
1620,1562023440,620695.2110242103
1621,1562024340,620236.0810964985
1622,1562025240,606017.5627486652
1623,1562026140,653732.7162190283
1624,1562027040,640274.0850031222
1625,1562027940,649759.7896225308
1626,1562028840,673416.2266406689
1627,1562029740,679392.163480119
1628,1562030640,673288.6793575453
1629,1562031540,657227.4556404913
1630,1562032440,635983.5577412858
1631,1562033340,628648.8536309835
1632,1562034240,666987.9132588742
1633,1562035140,779532.9383618826
1634,1562036040,745011.9170751129
1635,1562036940,701120.9957231603
1636,1562037840,668133.5073402984
1637,1562038740,670812.6386845879
1638,1562039640,669942.642288204
1639,1562040540,655506.2767720838
1640,1562041440,648216.217770139
1641,1562042340,671824.025812034
1642,1562043240,668237.0979717724
1643,1562044140,517233.5243734803
1644,1562045040,485670.69410621293
1645,1562045940,600994.8442381639
1646,1562046840,649800.7194401649
1647,1562047740,652263.3743416456
1648,1562048640,605277.0971265162
1649,1562049540,504303.3594591842
1650,1562050440,487411.68400262634
1651,1562051340,488583.7374177711
1652,1562052240,487338.19708190113
1653,1562053140,715185.7810244261
1654,1562054040,512367.29788778606
1655,1562054940,514234.8766619822
1656,1562055840,616973.5748706122
1657,1562056740,668367.470267043
1658,1562057640,656990.5767339909
1659,1562058540,661092.911250683
1660,1562059440,647440.4804362952
1661,1562060340,603367.3775776391
1662,1562061240,556836.3518730685
1663,1562062140,445150.04650274164
1664,1562063040,433052.9664768932
1665,1562063940,416693.5450139756
1666,1562064840,436103.1511845309
1667,1562065740,433083.6903443625
1668,1562066640,429695.70314691705
1669,1562067540,422357.9818905914
1670,1562068440,418792.26843607664
1671,1562069340,438829.0417326083
1672,1562070240,424761.2704302148
1673,1562071140,432581.2446166458
1674,1562072040,424353.8092803548
1675,1562072940,435485.8284409544
1676,1562073840,434626.3885432379
1677,1562074740,423790.0702946851
1678,1562075640,439825.7246998955
1679,1562076540,432395.6514995276
1680,1562077440,409218.1309674603
1681,1562078340,412012.43640369846
1682,1562079240,392224.30336088
1683,1562080140,382291.46339060325
1684,1562081040,359645.2600405438
1685,1562081940,339925.6875398161
1686,1562082840,313811.8597527508
1687,1562083740,342448.928774818
1688,1562084640,350237.41562302015
1689,1562085540,324565.37552997534
1690,1562086440,431605.07534342917
1691,1562087340,516931.37017994554
1692,1562088240,519360.2640525225
1693,1562089140,507462.3240537061
1694,1562090040,516121.1490168785
1695,1562090940,598204.7529853957
1696,1562091840,553532.5610041943
1697,1562092740,506633.42115712946
1698,1562093640,534320.5467608955
1699,1562094540,538879.0121088685
1700,1562095440,579540.1201171182
1701,1562096340,563247.1668701445
1702,1562097240,587521.4280686761
1703,1562098140,592098.2207971435
1704,1562099040,583869.3940859648
1705,1562099940,591926.0559774447
1706,1562100840,565061.9771988136
1707,1562101740,584721.6724027998
1708,1562102640,543727.501958631
1709,1562103540,537290.2147021807
1710,1562104440,518722.42247612483
1711,1562105340,527878.1743769621
1712,1562106240,522126.93933640776
1713,1562107140,486072.65627840743
1714,1562108040,477633.8848650016
1715,1562108940,524561.6634735963
1716,1562109840,509165.16439353087
1717,1562110740,529418.6297338371
1718,1562111640,545360.9946994468
1719,1562112540,573203.6996275254
1720,1562113440,561845.9711725217
1721,1562114340,552545.0308032155
1722,1562115240,602538.7520805566
1723,1562116140,623105.7979035462
1724,1562117040,624396.6188218222
1725,1562117940,610112.26739442
1726,1562118840,642127.4961570214
1727,1562119740,644111.8913498181
1728,1562120640,620094.5602800385
1729,1562121540,649467.4562487967
1730,1562122440,587711.2359448421
1731,1562123340,641258.6765952886
1732,1562124240,644478.8942161188
1733,1562125140,655766.6043914346
1734,1562126040,592262.8223866357
1735,1562126940,624546.9463698644
1736,1562127840,833173.1699806101
1737,1562128740,512869.429119815
1738,1562129640,515206.0651588385
1739,1562130540,527419.994319258
1740,1562131440,505951.28285904205
1741,1562132340,504077.05644528795
1742,1562133240,528530.035283408
1743,1562134140,529870.3806622864
1744,1562135040,519141.2591722083
1745,1562135940,523424.72861998674
1746,1562136840,517321.146496149
1747,1562137740,509819.00673219474
1748,1562138640,517232.75461825513
1749,1562139540,520595.4600561136
1750,1562140440,539722.5697876505
1751,1562141340,525762.8049493696
1752,1562142240,440008.1448719262
1753,1562143140,420609.41360760725
1754,1562144040,447762.93066639674
1755,1562144940,494696.0287636078
1756,1562145840,454051.1704500057
1757,1562146740,465805.1580011349
1758,1562147640,592246.9302087722
1759,1562148540,442983.65525344596
1760,1562149440,443346.9291644536
1761,1562150340,426789.3406096504
1762,1562151240,434866.5187821597
1763,1562152140,434766.89254128316
1764,1562153040,475363.40221434366
1765,1562153940,431433.09931443783
1766,1562154840,424875.7672705904
1767,1562155740,416306.9944964971
1768,1562156640,423606.4437370949
1769,1562157540,392724.6251326608
1770,1562158440,393008.42261064315
1771,1562159340,381819.10637930763
1772,1562160240,388900.4331874235
1773,1562161140,388922.55399190105
1774,1562162040,389891.6530384356
1775,1562162940,386936.60205296805
1776,1562163840,385379.01531618583
1777,1562164740,411376.5473639042
1778,1562165640,388727.55561116274
1779,1562166540,393351.9827560044
1780,1562167440,385267.77529668517
1781,1562168340,378800.7978694269
1782,1562169240,291349.34473845124
1783,1562170140,290415.117358954
1784,1562171040,333553.18952027074
1785,1562171940,376006.6960403165
1786,1562172840,396385.1348641059
1787,1562173740,404505.11698789976
1788,1562174640,415979.379269391
1789,1562175540,411596.40508354467
1790,1562176440,430082.28955965675
1791,1562177340,484271.2118600881
1792,1562178240,454938.754692674
1793,1562179140,439652.30768099887
1794,1562180040,451195.91114317736
1795,1562180940,499169.61887563707
1796,1562181840,532962.3591928021
1797,1562182740,494564.4796659637
1798,1562183640,491534.8081426149
1799,1562184540,497852.2567208279
1800,1562185440,482385.35228001996
1801,1562186340,449451.818933327
1802,1562187240,410197.7775511377
1803,1562188140,405521.4005563937
1804,1562189040,358920.3106820806
1805,1562189940,351619.33070698375
1806,1562190840,318003.66621732357
1807,1562191740,317986.8859656873
1808,1562192640,308313.1038143145
1809,1562193540,295121.16525140335
1810,1562194440,293118.26778817776
1811,1562195340,319617.6369672538
1812,1562196240,323318.6887626027
1813,1562197140,328536.2136664404
1814,1562198040,363923.1175593745
1815,1562198940,404480.45282119006
1816,1562199840,422099.8652225279
1817,1562200740,406971.0117661092
1818,1562201640,453689.53981385555
1819,1562202540,448544.70851993066
1820,1562203440,449200.1294575331
1821,1562204340,429884.6027956393
1822,1562205240,544364.7388163347
1823,1562206140,583518.5632125292
1824,1562207040,570268.1718394172
1825,1562207940,570076.2883206621
1826,1562208840,570092.5490603064
1827,1562209740,601744.6583569798
1828,1562210640,579956.479322824
1829,1562211540,573415.5694642223
1830,1562212440,567071.0671073109
1831,1562213340,562126.1219368991
1832,1562214240,557201.1022832402
1833,1562215140,558865.6226454038
1834,1562216040,572651.4752063412
1835,1562216940,597429.663881246
1836,1562217840,580681.5371022095
1837,1562218740,578843.3477575809
1838,1562219640,588238.1587996215
1839,1562220540,623369.402361987
1840,1562221440,619080.145791353
1841,1562222340,617868.9311725177
1842,1562223240,620153.551964415
1843,1562224140,612431.7168084024
1844,1562225040,597531.2633813492
1845,1562225940,597345.4897481799
1846,1562226840,611911.1920689257
1847,1562227740,607867.7131644132
1848,1562228640,607370.8462872002
1849,1562229540,609407.6676108406
1850,1562230440,620106.4009391124
1851,1562231340,610233.8553242018
1852,1562232240,714023.9307693846
1853,1562233140,633580.3408064214
1854,1562234040,603882.5559738078
1855,1562234940,609749.6298374203
1856,1562235840,611965.2792583111
1857,1562236740,586923.0259002139
1858,1562237640,731319.1194909926
1859,1562238540,609208.933751585
1860,1562239440,599487.0093838655
1861,1562240340,588898.574059929
1862,1562241240,602387.2865280748
1863,1562242140,616437.1447261998
1864,1562243040,651535.8519984477
1865,1562243940,590202.7384540007
1866,1562244840,621090.8247858245
1867,1562245740,640028.4954936063
1868,1562246640,612539.2893446143
1869,1562247540,617344.8567073793
1870,1562248440,623836.8152978643
1871,1562249340,639674.1003261263
1872,1562250240,634674.2842366595
1873,1562251140,631540.0358133384
1874,1562252040,625650.0281114108
1875,1562252940,617179.2427827402
1876,1562253840,589759.216399451
1877,1562254740,503846.8665914086
1878,1562255640,285938.500616079
1879,1562256540,316048.3565190663
1880,1562257440,472631.8522716828
1881,1562258340,588882.5557969109
1882,1562259240,608377.9874580724
1883,1562260140,460251.52939797076
1884,1562261040,456788.4074578869
1885,1562261940,448925.5714632455
1886,1562262840,486088.18900382926
1887,1562263740,558204.4676684637
1888,1562264640,540468.114893227
1889,1562265540,500732.0189086913
1890,1562266440,495939.76186675293
1891,1562267340,555118.6284911928
1892,1562268240,552778.7021845243
1893,1562269140,517973.39271281596
1894,1562270040,466801.9607890955
1895,1562270940,470748.4653783084
1896,1562271840,438679.53418280854
1897,1562272740,409733.9115260634
1898,1562273640,361988.2443146842
1899,1562274540,360145.8759506994
1900,1562275440,328835.3561439704
1901,1562276340,320554.96901951986
1902,1562277240,287628.88839434757
1903,1562278140,289416.4888179997
1904,1562279040,276271.6047260009
1905,1562279940,267584.79183506186
1906,1562280840,270830.9769998266
1907,1562281740,303304.2914265418
1908,1562282640,309247.465961416
1909,1562283540,323989.8842165872
1910,1562284440,367705.0186821764
1911,1562285340,412537.3026200659
1912,1562286240,437788.5580666028
1913,1562287140,445222.94631811563
1914,1562288040,497590.0374240766
1915,1562288940,517051.9638497402
1916,1562289840,515342.93911640736
1917,1562290740,479858.65132733807
1918,1562291640,538046.6346122075
1919,1562292540,520644.5566469422
1920,1562293440,534735.5987426359
1921,1562294340,495188.6510655599
1922,1562295240,511121.6265125014
1923,1562296140,497342.11459078756
1924,1562297040,515878.7978895653
1925,1562297940,460999.76427639776
1926,1562298840,527573.8224838554
1927,1562299740,635676.4819201332
1928,1562300640,640428.903732712
1929,1562301540,649180.3042510072
1930,1562302440,658562.1390084785
1931,1562303340,681627.2445728622
1932,1562304240,705742.5548055333
1933,1562305140,712290.1180759445
1934,1562306040,698593.1480616796
1935,1562306940,696117.3147999446
1936,1562307840,727882.6031071391
1937,1562308740,700835.0472872083
1938,1562309640,673739.9504307632
1939,1562310540,723145.1389365755
1940,1562311440,683995.4949279175
1941,1562312340,627607.4364398698
1942,1562313240,647095.3411559827
1943,1562314140,699940.4965253392
1944,1562315040,696308.7261146752
1945,1562315940,671841.9821613365
1946,1562316840,688698.3325394146
1947,1562317740,711624.4700037369
1948,1562318640,662580.6753584336
1949,1562319540,670134.3730217826
1950,1562320440,634053.8306935966
1951,1562321340,657836.0187349118
1952,1562322240,661610.9485228953
1953,1562323140,610658.9903022134
1954,1562324040,632052.1485801208
1955,1562324940,659405.0626960731
1956,1562325840,615705.2862456836
1957,1562326740,578230.127900861
1958,1562327640,586435.6351002358
1959,1562328540,622598.1211795899
1960,1562329440,588289.3163942861
1961,1562330340,616879.615261054
1962,1562331240,629960.5029446327
1963,1562332140,624712.7245771562
1964,1562333040,617281.3797807627
1965,1562333940,612146.6026660614
1966,1562334840,626966.1467525044
1967,1562335740,643431.5720466677
1968,1562336640,605417.5528039336
1969,1562337540,593067.8185458892
1970,1562338440,597428.1816332267
1971,1562339340,568996.2273847911
1972,1562340240,551011.2657282267
1973,1562341140,538360.9795025691
1974,1562342040,400451.0263901557
1975,1562342940,394191.3032921541
1976,1562343840,475888.3669354249
1977,1562344740,555204.2283476192
1978,1562345640,545159.2712065696
1979,1562346540,570999.097118372
1980,1562347440,440224.78034425917
1981,1562348340,406904.75690366194
1982,1562349240,481217.54052082263
1983,1562350140,667750.4599110308
1984,1562351040,653191.553823188
1985,1562351940,477290.8525901156
1986,1562352840,444209.8159952219
1987,1562353740,482130.9321230457
1988,1562354640,510311.28325360216
1989,1562355540,455640.8827446608
1990,1562356440,458681.7043546068
1991,1562357340,419646.04365041404
1992,1562358240,402948.86358743865
1993,1562359140,391723.6027194994
1994,1562360040,336390.24373306625
1995,1562360940,330416.27725146175
1996,1562361840,314389.41770110064
1997,1562362740,294323.31638774514
1998,1562363640,258548.53678257967
1999,1562364540,277425.8777038607
2000,1562365440,265206.54001935193
2001,1562366340,251555.19421190667
2002,1562367240,249931.5142293511
2003,1562368140,279837.655447283
2004,1562369040,288140.85965136177
2005,1562369940,295602.7128732746
2006,1562370840,327829.7483711541
2007,1562371740,372054.07758398476
2008,1562372640,410336.6251164747
2009,1562373540,384971.7106154437
2010,1562374440,409495.3350504226
2011,1562375340,431217.77706204617
2012,1562376240,449801.9565320825
2013,1562377140,455932.6930338239
2014,1562378040,454429.4315716349
2015,1562378940,456259.63041466917
2016,1562379840,441449.56013524026
2017,1562380740,424915.4959486006
2018,1562381640,432055.9165301254
2019,1562382540,434198.3681520326
2020,1562383440,444295.5441171322
2021,1562384340,424532.6366023887
2022,1562385240,410842.3271409988
2023,1562386140,422789.1376253202
2024,1562387040,404770.3083949399
2025,1562387940,418929.79341678054
2026,1562388840,428630.17559731606
2027,1562389740,445058.22635057627
2028,1562390640,436927.3054935727
2029,1562391540,429949.0508485949
2030,1562392440,434022.1126531036
2031,1562393340,447730.3659097048
2032,1562394240,438507.899633942
2033,1562395140,443326.84801615565
2034,1562396040,446831.5215288668
2035,1562396940,420475.19878647424
2036,1562397840,447760.3870702422
2037,1562398740,441067.5912510157
2038,1562399640,442076.39176272
2039,1562400540,449091.3687701728
2040,1562401440,439274.2274719939
2041,1562402340,429566.69077141123
2042,1562403240,432922.08697730006
2043,1562404140,442154.65647510823
2044,1562405040,447179.32893137156
2045,1562405940,432208.2718063622
2046,1562406840,448223.9116419844
2047,1562407740,451767.9567758272
2048,1562408640,431227.34891102
2049,1562409540,441639.9408714886
2050,1562410440,439294.9474264604
2051,1562411340,451195.98337174166
2052,1562412240,435898.8088883465
2053,1562413140,435273.9570556298
2054,1562414040,444878.6728897056
2055,1562414940,444092.11048039247
2056,1562415840,440792.4203832889
2057,1562416740,446016.4352773422
2058,1562417640,444417.47951426427
2059,1562418540,445925.03337625583
2060,1562419440,449222.7078320535
2061,1562420340,428166.64936660934
2062,1562421240,437104.85268167604
2063,1562422140,429317.560679064
2064,1562423040,405648.3605939871
2065,1562423940,381384.2273216547
2066,1562424840,364721.3690666024
2067,1562425740,357004.68798179855
2068,1562426640,342854.47959839564
2069,1562427540,322930.66070136765
2070,1562428440,260122.1090897157
2071,1562429340,273525.1194460434
2072,1562430240,347751.7878852368
2073,1562431140,382364.7102847959
2074,1562432040,450249.5168608935
2075,1562432940,559506.4026906677
2076,1562433840,560489.649623835
2077,1562434740,569897.5540783171
2078,1562435640,591023.1255157898
2079,1562436540,694717.0829412701
2080,1562437440,662685.5262607143
2081,1562438340,610744.4304332309
2082,1562439240,602626.9603041286
2083,1562440140,658345.7992778907
2084,1562441040,676106.1974524341
2085,1562441940,633245.0061165504
2086,1562442840,592498.0901026862
2087,1562443740,576573.8909483475
2088,1562444640,522217.64483915403
2089,1562445540,516415.2646545024
2090,1562446440,456746.2528309677
2091,1562447340,445977.42744512844
2092,1562448240,423415.70131278766
2093,1562449140,412216.6629425129
2094,1562450040,377056.45168550225
2095,1562450940,405978.5524386687
2096,1562451840,368626.4372661128
2097,1562452740,366967.0836145439
2098,1562453640,367701.82312687894
2099,1562454540,389401.2995636448
2100,1562455440,408312.83931364055
2101,1562456340,415777.9180676404
2102,1562457240,450921.8140601393
2103,1562458140,502390.00990513404
2104,1562459040,528254.1231818504
2105,1562459940,528990.6085994733
2106,1562460840,560170.7062248739
2107,1562461740,578351.8252590323
2108,1562462640,435632.04352891684
2109,1562463540,432763.44135548244
2110,1562464440,512379.95034106844
2111,1562465340,615238.5522838937
2112,1562466240,478970.2346791821
2113,1562467140,429861.74849346455
2114,1562468040,432045.92609614483
2115,1562468940,437838.9524220007
2116,1562469840,434999.9832388918
2117,1562470740,432576.8593349848
2118,1562471640,428013.1369197286
2119,1562472540,417594.91748887807
2120,1562473440,417898.3677633077
2121,1562474340,420312.3990962786
2122,1562475240,429743.26831516565
2123,1562476140,432526.4291152118
2124,1562477040,435261.27932847454
2125,1562477940,432508.6198822727
2126,1562478840,433322.8067711397
2127,1562479740,443718.3117345271
2128,1562480640,436782.86835864966
2129,1562481540,435677.0370635655
2130,1562482440,445915.4514287562
2131,1562483340,450323.90677772806
2132,1562484240,433838.03846938786
2133,1562485140,434954.18743456725
2134,1562486040,439427.8833131811
2135,1562486940,446248.48774361255
2136,1562487840,448102.51309985225
2137,1562488740,428513.8791188833
2138,1562489640,446336.76374755154
2139,1562490540,443808.64124237373
2140,1562491440,439672.1418879244
2141,1562492340,431780.5927244108
2142,1562493240,432387.90506794
2143,1562494140,445264.45213176834
2144,1562495040,431255.9476193327
2145,1562495940,423528.35058025183
2146,1562496840,442467.0538286313
2147,1562497740,451072.9412991075
2148,1562498640,447499.8782509481
2149,1562499540,447444.97432642727
2150,1562500440,450158.88806663326
2151,1562501340,442533.05386255676
2152,1562502240,448433.4573750496
2153,1562503140,448648.92661573715
2154,1562504040,456009.9272097277
2155,1562504940,456913.50813178404
2156,1562505840,440972.9875726959
2157,1562506740,414011.02379117865
2158,1562507640,414726.42643824033
2159,1562508540,433780.3793784716
2160,1562509440,420300.7988377392
2161,1562510340,404320.1915741382
2162,1562511240,387134.15381828026
2163,1562512140,363933.28339489433
2164,1562513040,351117.63234464056
2165,1562513940,346523.28832433146
2166,1562514840,268915.94806227175
2167,1562515740,288429.8037568834
2168,1562516640,351004.3530670578
2169,1562517540,395310.23188746505
2170,1562518440,477466.99043049995
2171,1562519340,565461.2298901833
2172,1562520240,577317.9127299509
2173,1562521140,579972.3947568259
2174,1562522040,609932.4218163813
2175,1562522940,683370.3450975217
2176,1562523840,653645.3973641611
2177,1562524740,621540.8241426416
2178,1562525640,616598.6334041916
2179,1562526540,651047.0035830013
2180,1562527440,681436.0041362643
2181,1562528340,629654.3446873509
2182,1562529240,610653.9532793651
2183,1562530140,589431.1846707155
2184,1562531040,550374.9052114983
2185,1562531940,540044.9123813718
2186,1562532840,473188.5995150591
2187,1562533740,480793.38461766223
2188,1562534640,446839.3902616384
2189,1562535540,418603.43103948626
2190,1562536440,377578.15034418803
2191,1562537340,395540.98969449237
2192,1562538240,373637.4423203834
2193,1562539140,370660.98050139647
2194,1562540040,369467.3511346159
2195,1562540940,409307.3952922889
2196,1562541840,417045.1475055649
2197,1562542740,428958.7851919291
2198,1562543640,457658.9457035736
2199,1562544540,553989.2430596572
2200,1562545440,565992.2882755393
2201,1562546340,496030.827052582
2202,1562547240,439094.51696284465
2203,1562548140,442367.2140542704
2204,1562549040,619363.4265299564
2205,1562549940,517642.3175203409
2206,1562550840,480603.87952859147
2207,1562551740,461688.441048435
2208,1562552640,483226.7834999736
2209,1562553540,445890.3584947644
2210,1562554440,441067.69604838605
2211,1562555340,444845.86517316086
2212,1562556240,445322.33464978973
2213,1562557140,430040.4899243665
2214,1562558040,426585.61346550717
2215,1562558940,398555.18273306923
2216,1562559840,402604.93363866577
2217,1562560740,403831.8470133164
2218,1562561640,418507.0428490158
2219,1562562540,452324.5511157735
2220,1562563440,480732.406166135
2221,1562564340,470870.3392152116
2222,1562565240,501854.9868605186
2223,1562566140,490382.60951652576
2224,1562567040,477473.9280807869
2225,1562567940,484589.8623948739
2226,1562568840,493673.24835485016
2227,1562569740,495485.89480082557
2228,1562570640,487091.13097732275
2229,1562571540,471006.41529097204
2230,1562572440,540181.6562142145
2231,1562573340,483482.37907662534
2232,1562574240,492747.7629886562
2233,1562575140,473392.34408060176
2234,1562576040,524850.0049069187
2235,1562576940,534097.1043986316
2236,1562577840,509791.5488002083
2237,1562578740,523855.3020259315
2238,1562579640,494185.05394176824
2239,1562580540,516236.4797859553
2240,1562581440,496925.09330296906
2241,1562582340,484337.7134384945
2242,1562583240,483496.5673780887
2243,1562584140,492569.86778630415
2244,1562585040,513385.69917341607
2245,1562585940,489143.90222686087
2246,1562586840,487358.1376610798
2247,1562587740,454610.1224630654
2248,1562588640,448250.36559586175
2249,1562589540,436766.07798533735
2250,1562590440,451213.8884612554
2251,1562591340,440909.5004872764
2252,1562592240,441493.2840235748
2253,1562593140,432732.05574790697
2254,1562594040,441295.13787501
2255,1562594940,452137.4692694425
2256,1562595840,433267.62801682786
2257,1562596740,400821.8419936415
2258,1562597640,379991.7196454888
2259,1562598540,371958.17766311235
2260,1562599440,350926.11566555634
2261,1562600340,339964.4704302407
2262,1562601240,264899.8441096959
2263,1562602140,291441.089629008
2264,1562603040,347261.6871653066
2265,1562603940,379291.7891969621
2266,1562604840,471293.22023968736
2267,1562605740,566372.6237083853
2268,1562606640,569906.6957032294
2269,1562607540,582590.9976797928
2270,1562608440,588437.8826384876
2271,1562609340,673040.8940925845
2272,1562610240,670026.9320896976
2273,1562611140,624326.2933707064
2274,1562612040,609127.395070431
2275,1562612940,646005.6431844824
2276,1562613840,672807.1535322049
2277,1562614740,612993.4596367088
2278,1562615640,588750.973226182
2279,1562616540,583033.8964626675
2280,1562617440,541578.697015687
2281,1562618340,532632.3746990414
2282,1562619240,468135.0060252139
2283,1562620140,470346.7543075734
2284,1562621040,457811.8395437013
2285,1562621940,434547.95272336405
2286,1562622840,374871.52228835505
2287,1562623740,387789.966360892
2288,1562624640,362341.32032420754
2289,1562625540,353827.98125053255
2290,1562626440,347662.9659132993
2291,1562627340,392574.3895585307
2292,1562628240,399575.3398276376
2293,1562629140,415662.0601978522
2294,1562630040,472579.4010738809
2295,1562630940,511104.99161962315
2296,1562631840,537773.7962826088
2297,1562632740,559393.3741545015
2298,1562633640,609876.6954219205
2299,1562634540,629528.8897150585
2300,1562635440,622620.4867442925
2301,1562636340,628811.017848029
2302,1562637240,639972.7604554046
2303,1562638140,641783.6454540155
2304,1562639040,640861.4174827544
2305,1562639940,602597.946799632
2306,1562640840,611712.9369813489
2307,1562641740,613874.1201999204
2308,1562642640,609353.201173062
2309,1562643540,603363.445836271
2310,1562644440,588265.1538603936
2311,1562645340,598213.650077156
2312,1562646240,594097.902928703
2313,1562647140,602861.2488436504
2314,1562648040,606649.5543439479
2315,1562648940,623373.1349476615
2316,1562649840,620314.3010823908
2317,1562650740,623325.109985186
2318,1562651640,639790.1508712826
2319,1562652540,642661.4767154279
2320,1562653440,643502.636151703
2321,1562654340,648295.7480784836
2322,1562655240,621078.7990537373
2323,1562656140,579834.6363659028
2324,1562657040,632604.9532290574
2325,1562657940,709513.2498509501
2326,1562658840,685110.9546825244
2327,1562659740,616046.8887877754
2328,1562660640,488065.7729698299
2329,1562661540,435411.2359213078
2330,1562662440,446184.3860008376
2331,1562663340,447290.41242018616
2332,1562664240,476113.9857773605
2333,1562665140,450486.7936171996
2334,1562666040,446768.7830542699
2335,1562666940,427994.81135445373
2336,1562667840,442807.92187883746
2337,1562668740,443645.1699522606
2338,1562669640,438425.91223847284
2339,1562670540,437626.41876492195
2340,1562671440,441889.14881695545
2341,1562672340,465146.1164508834
2342,1562673240,415964.47635595687
2343,1562674140,435862.4959285741
2344,1562675040,452078.3696999449
2345,1562675940,427245.312426068
2346,1562676840,461319.51615577244
2347,1562677740,444579.4956914188
2348,1562678640,446326.6776095699
2349,1562679540,436015.4321854277
2350,1562680440,513971.8592040174
2351,1562681340,453092.24559109745
2352,1562682240,427314.3922968336
2353,1562683140,391579.7084725386
2354,1562684040,382042.7590079121
2355,1562684940,367563.2333372933
2356,1562685840,353429.43780873955
2357,1562686740,364791.90190404054
2358,1562687640,269153.1001938268
2359,1562688540,287362.0406346691
2360,1562689440,360556.51505587006
2361,1562690340,410674.09998966363
2362,1562691240,487020.48771557945
2363,1562692140,578212.6257067879
2364,1562693040,583971.0734724645
2365,1562693940,580826.2476392445
2366,1562694840,617086.171222937
2367,1562695740,699904.4788669231
2368,1562696640,669894.1651197869
2369,1562697540,625700.9827662403
2370,1562698440,606954.5343496822
2371,1562699340,638922.935957032
2372,1562700240,673680.9747334894
2373,1562701140,634713.9133835663
2374,1562702040,594198.942116365
2375,1562702940,569109.7950122876
2376,1562703840,552265.476133363
2377,1562704740,529990.0782231323
2378,1562705640,473025.61322309484
2379,1562706540,469094.1665669362
2380,1562707440,418194.89092654013
2381,1562708340,416550.6282152374
2382,1562709240,371390.24642929115
2383,1562710140,390659.8567025361
2384,1562711040,372342.67759954964
2385,1562711940,372773.90273420664
2386,1562712840,366571.8980638027
2387,1562713740,402233.439305835
2388,1562714640,407258.41663543496
2389,1562715540,426675.0925801448
2390,1562716440,488640.6080570813
2391,1562717340,550101.6542095796
2392,1562718240,549947.2265328526
2393,1562719140,563681.9272899494
2394,1562720040,570390.0182746061
2395,1562720940,621061.4737927665
2396,1562721840,635142.2035673753
2397,1562722740,606093.3170984979
2398,1562723640,619825.3793453481
2399,1562724540,623670.9399183397
2400,1562725440,601735.564065829
2401,1562726340,585067.0922553841
2402,1562727240,588393.0813551535
2403,1562728140,601805.2021058974
2404,1562729040,597172.6071287118
2405,1562729940,571508.4992208335
2406,1562730840,560879.301151599
2407,1562731740,573625.9280761704
2408,1562732640,583213.6348611555
2409,1562733540,578614.0188136004
2410,1562734440,570984.8412509429
2411,1562735340,600815.3388241256
2412,1562736240,600126.0468908339
2413,1562737140,579616.5386680258
2414,1562738040,598846.4077921819
2415,1562738940,443499.4694412312
2416,1562739840,452791.53034243546
2417,1562740740,552611.8781532764
2418,1562741640,595749.2659271585
2419,1562742540,626271.0309189974
2420,1562743440,522599.12321807566
2421,1562744340,453235.62260393635
2422,1562745240,460600.95855830645
2423,1562746140,463656.8436293727
2424,1562747040,495167.3806971258
2425,1562747940,463917.758501118
2426,1562748840,489690.65372546355
2427,1562749740,486200.217148244
2428,1562750640,479857.62346634414
2429,1562751540,463057.94948296173
2430,1562752440,478680.47525624244
2431,1562753340,466758.13890405826
2432,1562754240,465190.649270965
2433,1562755140,431339.72286890075
2434,1562756040,442973.7737088437
2435,1562756940,457202.9539435563
2436,1562757840,468799.46665154217
2437,1562758740,479290.9220070955
2438,1562759640,471722.43961533986
2439,1562760540,482145.4281753287
2440,1562761440,494007.3040197018
2441,1562762340,463713.8773220313
2442,1562763240,459449.4909622349
2443,1562764140,465288.24261246715
2444,1562765040,443046.0831995337
2445,1562765940,443076.11660793086
2446,1562766840,454919.05821327533
2447,1562767740,438079.48510549933
2448,1562768640,418724.5086153971
2449,1562769540,390930.38469990424
2450,1562770440,395920.7661833371
2451,1562771340,384234.659458601
2452,1562772240,365122.2972809945
2453,1562773140,365282.2294324977
2454,1562774040,284460.89314183145
2455,1562774940,296037.8021736158
2456,1562775840,359735.2863887158
2457,1562776740,402017.42309126904
2458,1562777640,484637.63654403464
2459,1562778540,579101.5647678131
2460,1562779440,562044.3762580568
2461,1562780340,573437.0653563202
2462,1562781240,613508.3896933638
2463,1562782140,690073.281524853
2464,1562783040,688088.7656807686
2465,1562783940,610773.9507058363
2466,1562784840,586726.5444128923
2467,1562785740,641483.4110209503
2468,1562786640,675154.6546371911
2469,1562787540,631548.6848378418
2470,1562788440,606025.7136462929
2471,1562789340,555506.4678568826
2472,1562790240,533364.9020832259
2473,1562791140,522721.31834658684
2474,1562792040,480057.28383599146
2475,1562792940,489574.138022923
2476,1562793840,441834.31847821135
2477,1562794740,460534.15114556823
2478,1562795640,394375.1736927171
2479,1562796540,401501.08792248653
2480,1562797440,387619.6283015895
2481,1562798340,382422.27889785863
2482,1562799240,375999.7789014284
2483,1562800140,426920.03681168804
2484,1562801040,428111.8750152198
2485,1562801940,448178.1302815143
2486,1562802840,512415.22327423806
2487,1562803740,562082.0437622552
2488,1562804640,562883.888956076
2489,1562805540,568484.4411469458
2490,1562806440,608577.5212826898
2491,1562807340,632714.9483222705
2492,1562808240,611597.1065429416
2493,1562809140,626959.691456079
2494,1562810040,655081.9676490572
2495,1562810940,671932.9528461208
2496,1562811840,708743.1346264188
2497,1562812740,643168.8432514588
2498,1562813640,592916.8689862079
2499,1562814540,605362.4724153801
2500,1562815440,586761.4299563805
2501,1562816340,582920.7579270651
2502,1562817240,555894.3098457562
2503,1562818140,580756.3629825655
2504,1562819040,555078.1405193968
2505,1562819940,559029.7658218776
2506,1562820840,568285.3066466197
2507,1562821740,599983.0252263738
2508,1562822640,447574.91805495945
2509,1562823540,465929.11524849164
2510,1562824440,599464.7650687173
2511,1562825340,614386.4842857161
2512,1562826240,618247.4875625618
2513,1562827140,471371.7003453548
2514,1562828040,476965.28886767576
2515,1562828940,475475.653782577
2516,1562829840,488984.39665226266
2517,1562830740,457880.105492369
2518,1562831640,472368.1166041225
2519,1562832540,442390.5434347468
2520,1562833440,457861.70316355303
2521,1562834340,452933.25509034324
2522,1562835240,464833.55340930243
2523,1562836140,465209.20391405735
2524,1562837040,479799.3593905948
2525,1562837940,447244.88190468244
2526,1562838840,470228.11002830113
2527,1562839740,472516.3033078906
2528,1562840640,447987.73512075254
2529,1562841540,443052.85627364327
2530,1562842440,457500.3164296489
2531,1562843340,462490.4554900763
2532,1562844240,470709.5726762294
2533,1562845140,446440.6146628013
2534,1562846040,467009.8754515467
2535,1562846940,444719.85234110744
2536,1562847840,451047.22812394
2537,1562848740,435521.2292754531
2538,1562849640,445421.56601059646
2539,1562850540,457224.881770406
2540,1562851440,441771.9556360559
2541,1562852340,396804.73930039094
2542,1562853240,386004.4754674601
2543,1562854140,369903.8938120781
2544,1562855040,340246.85061885114
2545,1562855940,480912.3280852508
2546,1562856840,520289.41227273777
2547,1562857740,494913.88867735513
2548,1562858640,498910.02293243265
2549,1562859540,427030.69440596894
2550,1562860440,246566.52363601714
2551,1562861340,303928.9671725699
2552,1562862240,404516.8675474745
2553,1562863140,429643.3274685152
2554,1562864040,505083.200631722
2555,1562864940,604926.7976610916
2556,1562865840,642241.187585378
2557,1562866740,661010.4000478017
2558,1562867640,699001.298828771
2559,1562868540,788551.5214048084
2560,1562869440,768490.2622694849
2561,1562870340,562946.2719123436
2562,1562871240,555914.159430436
2563,1562872140,605130.6348965061
2564,1562873040,638666.0469318286
2565,1562873940,623743.7005457259
2566,1562874840,542026.4452241139
2567,1562875740,551469.048001009
2568,1562876640,532097.1439139422
2569,1562877540,493504.2250090611
2570,1562878440,444279.29319275595
2571,1562879340,438701.81999306014
2572,1562880240,414140.3639570448
2573,1562881140,417022.85477999446
2574,1562882040,368661.5424291492
2575,1562882940,370785.7374644846
2576,1562883840,364030.22495216253
2577,1562884740,369734.58908251685
2578,1562885640,371924.9060446415
2579,1562886540,407494.60530545894
2580,1562887440,415102.1895101481
2581,1562888340,431057.70102531195
2582,1562889240,463254.32077626936
2583,1562890140,530634.6301236725
2584,1562891040,529177.5855051808
2585,1562891940,548581.1085299083
2586,1562892840,575268.7603956362
2587,1562893740,548216.0753511244
2588,1562894640,546296.8505138757
2589,1562895540,504890.00496889773
2590,1562896440,510993.190236021
2591,1562897340,479078.0696712157
2592,1562898240,522038.0441497813
2593,1562899140,668285.7632786932
2594,1562900040,649864.3430016576
2595,1562900940,639457.1039312616
2596,1562901840,659388.4684347891
2597,1562902740,676356.1262838661
2598,1562903640,665298.8109377348
2599,1562904540,673401.6346471341
2600,1562905440,669343.8503855787
2601,1562906340,717298.9676944821
2602,1562907240,731703.8119200967
2603,1562908140,696437.9444518845
2604,1562909040,545649.6188644499
2605,1562909940,584772.3488775367
2606,1562910840,662206.8663023585
2607,1562911740,680957.1169911809
2608,1562912640,683641.1804337464
2609,1562913540,568469.1915960633
2610,1562914440,541976.1136637977
2611,1562915340,513611.14968918904
2612,1562916240,542439.4256190996
2613,1562917140,548284.4411961688
2614,1562918040,567632.4762617877
2615,1562918940,572758.035018824
2616,1562919840,569167.9161253468
2617,1562920740,544542.3758344403
2618,1562921640,570749.823227206
2619,1562922540,581461.1269855507
2620,1562923440,574781.1876118346
2621,1562924340,565176.0022247618
2622,1562925240,577475.7990023014
2623,1562926140,599243.7398350366
2624,1562927040,624422.2577169075
2625,1562927940,436606.184227721
2626,1562928840,407905.4446234606
2627,1562929740,384106.42602216074
2628,1562930640,367019.6791869757
2629,1562931540,365518.1036971323
2630,1562932440,374373.0721548534
2631,1562933340,382896.9593995543
2632,1562934240,391222.03024350654
2633,1562935140,345662.5109667391
2634,1562936040,348226.59624498035
2635,1562936940,363329.6169224266
2636,1562937840,354416.49328666995
2637,1562938740,338541.2488921826
2638,1562939640,358557.2458892299
2639,1562940540,387849.8027757276
2640,1562941440,365805.9949072596
2641,1562942340,335056.1610492406
2642,1562943240,328318.667790733
2643,1562944140,321748.38842306373
2644,1562945040,273248.1731243056
2645,1562945940,266031.9572964516
2646,1562946840,283664.18884721573
2647,1562947740,353545.87226572185
2648,1562948640,369903.27443939087
2649,1562949540,374473.71263051615
2650,1562950440,446935.4870497893
2651,1562951340,558800.1786927755
2652,1562952240,550481.8653584676
2653,1562953140,549734.4835308805
2654,1562954040,571996.0118073344
2655,1562954940,679066.778203743
2656,1562955840,612267.4067915374
2657,1562956740,579684.6599474837
2658,1562957640,560515.4190261078
2659,1562958540,590606.6869774556
2660,1562959440,652089.417065936
2661,1562960340,604404.3173834719
2662,1562961240,600117.4474407098
2663,1562962140,551648.0081945534
2664,1562963040,551565.4693910741
2665,1562963940,529894.5535749657
2666,1562964840,537627.2385526452
2667,1562965740,554069.4552055864
2668,1562966640,546380.4400072272
2669,1562967540,538671.5312221337
2670,1562968440,533362.4837731401
2671,1562969340,533115.519090443
2672,1562970240,527673.0990709205
2673,1562971140,521492.27531305735
2674,1562972040,536340.5589695662
2675,1562972940,548409.6196675526
2676,1562973840,537154.47723871
2677,1562974740,517990.4200680203
2678,1562975640,520424.9940009143
2679,1562976540,528825.7694620681
2680,1562977440,518063.75100379676
2681,1562978340,517195.28519347723
2682,1562979240,542841.9840416012
2683,1562980140,583500.0592160107
2684,1562981040,583307.181601918
2685,1562981940,621156.0016035135
2686,1562982840,582588.8991514414
2687,1562983740,573210.6754508897
2688,1562984640,608522.9955733572
2689,1562985540,562245.5710952876
2690,1562986440,374421.89955280494
2691,1562987340,372814.0046001159
2692,1562988240,346117.51889397204
2693,1562989140,364745.9155817347
2694,1562990040,381427.85408111545
2695,1562990940,379521.2169591147
2696,1562991840,406332.52826034726
2697,1562992740,319804.9273497092
2698,1562993640,333562.49053309334
2699,1562994540,381892.8147136514
2700,1562995440,474756.5329538298
2701,1562996340,497295.0116458379
2702,1562997240,452720.46274744434
2703,1562998140,364790.4947722898
2704,1562999040,384144.60291854554
2705,1562999940,384320.07314859144
2706,1563000840,388598.81363665155
2707,1563001740,405567.9378180453
2708,1563002640,405922.92508433905
2709,1563003540,401670.65155516664
2710,1563004440,412814.2919198751
2711,1563005340,413825.35623657523
2712,1563006240,411911.9489095699
2713,1563007140,407887.7150146305
2714,1563008040,420792.2289127281
2715,1563008940,424869.42974578944
2716,1563009840,425503.45828013297
2717,1563010740,424763.96102135215
2718,1563011640,455952.3618820467
2719,1563012540,429704.90567333944
2720,1563013440,445299.0787900679
2721,1563014340,448794.99752164044
2722,1563015240,460928.24732306716
2723,1563016140,472514.539553438
2724,1563017040,478624.9755272955
2725,1563017940,466490.0623123067
2726,1563018840,464433.21672433004
2727,1563019740,481898.73864494835
2728,1563020640,496324.88397599634
2729,1563021540,476393.1152553858
2730,1563022440,525297.4420780477
2731,1563023340,508152.96153664676
2732,1563024240,490474.944759191
2733,1563025140,504273.21214238903
2734,1563026040,563390.3601586893
2735,1563026940,513489.984891691
2736,1563027840,504479.0735678693
2737,1563028740,456729.7887845936
2738,1563029640,489781.0585717067
2739,1563030540,446224.3069393188
2740,1563031440,422383.2734577611
2741,1563032340,404231.08282803564
2742,1563033240,363334.84215137525
2743,1563034140,332956.6406575048
2744,1563035040,375498.13954865397
2745,1563035940,386959.03517757816
2746,1563036840,498624.55788705713
2747,1563037740,604577.2431625215
2748,1563038640,576459.0545510707
2749,1563039540,608969.2993338644
2750,1563040440,625640.3464369741
2751,1563041340,713324.529297721
2752,1563042240,668131.5644694357
2753,1563043140,644884.8540426417
2754,1563044040,624010.8725531846
2755,1563044940,653890.3677806051
2756,1563045840,725688.9115227397
2757,1563046740,673919.5460218401
2758,1563047640,660175.4580742429
2759,1563048540,632233.326995181
2760,1563049440,624710.6165295059
2761,1563050340,615579.5873319579
2762,1563051240,584544.138763283
2763,1563052140,610258.8180325688
2764,1563053040,607386.1791099196
2765,1563053940,615202.5730914507
2766,1563054840,600181.1078150528
2767,1563055740,560259.9300178399
2768,1563056640,559112.3166943253
2769,1563057540,581636.5790000804
2770,1563058440,572455.8436053718
2771,1563059340,585000.0388568526
2772,1563060240,613010.7826750773
2773,1563061140,584594.4615209686
2774,1563062040,430055.8844832172
2775,1563062940,470653.4262772349
2776,1563063840,560020.4971140303
2777,1563064740,621614.8441546385
2778,1563065640,506686.21089711203
2779,1563066540,511832.5307315004
2780,1563067440,526271.7161695925
2781,1563068340,544172.6013661397
2782,1563069240,551178.821388326
2783,1563070140,543055.9854254827
2784,1563071040,530568.4742702973
2785,1563071940,513902.26784152776
2786,1563072840,501982.3312359055
2787,1563073740,521686.1079861703
2788,1563074640,501368.691409327
2789,1563075540,493686.7755601436
2790,1563076440,488823.36435014935
2791,1563077340,493972.92974705243
2792,1563078240,484530.6765003702
2793,1563079140,473062.1047373539
2794,1563080040,482650.93830388325
2795,1563080940,470893.6524218781
2796,1563081840,448811.4730138274
2797,1563082740,470878.7380458928
2798,1563083640,453539.28398131503
2799,1563084540,464470.39648343803
2800,1563085440,436946.73358066025
2801,1563086340,427178.9220906325
2802,1563087240,446773.6984599599
2803,1563088140,435147.88176245464
2804,1563089040,418218.99929156405
2805,1563089940,439063.1330480924
2806,1563090840,443102.7378181148
2807,1563091740,448603.9839755631
2808,1563092640,445641.9188155727
2809,1563093540,427565.25598249305
2810,1563094440,433255.44269634306
2811,1563095340,437454.30813803955
2812,1563096240,438773.59393795737
2813,1563097140,432501.1836478065
2814,1563098040,431568.82192641834
2815,1563098940,434217.04668547155
2816,1563099840,437565.91337753355
2817,1563100740,438592.7307290647
2818,1563101640,432183.56907584245
2819,1563102540,442847.50011302513
2820,1563103440,439874.9982210178
2821,1563104340,442416.1525586973
2822,1563105240,430234.5732734508
2823,1563106140,442542.87885196373
2824,1563107040,441911.6473793937
2825,1563107940,429636.1584279664
2826,1563108840,436431.40233776567
2827,1563109740,433076.28114652826
2828,1563110640,430520.3279140259
2829,1563111540,426587.3286559826
2830,1563112440,415427.70333716436
2831,1563113340,416036.3905459064
2832,1563114240,422354.4822625305
2833,1563115140,382238.250433442
2834,1563116040,366291.87787380087
2835,1563116940,331890.5287896582
2836,1563117840,336181.1040486641
2837,1563118740,319392.120212601
2838,1563119640,369552.52092962695
2839,1563120540,428441.38059851277
2840,1563121440,411373.5286030664
2841,1563122340,434542.60050220956
2842,1563123240,512363.5363307237
2843,1563124140,624238.1022079443
2844,1563125040,606489.1200512986
2845,1563125940,589210.295701969
2846,1563126840,617567.2064528171
2847,1563127740,713377.1629687063
2848,1563128640,663764.1194010451
2849,1563129540,625805.7253087093
2850,1563130440,624203.3017684611
2851,1563131340,634279.7023127127
2852,1563132240,640279.5504544382
2853,1563133140,636816.3819202243
2854,1563134040,635092.5035863395
2855,1563134940,608851.3577225283
2856,1563135840,620841.7001038641
2857,1563136740,650267.7851615899
2858,1563137640,602841.1752412489
2859,1563138540,626436.3502420546
2860,1563139440,613388.9582139179
2861,1563140340,617153.0015254378
2862,1563141240,591906.4888126977
2863,1563142140,601208.6421576998
2864,1563143040,579642.0998188772
2865,1563143940,601176.6928442765
2866,1563144840,467868.3894849995
2867,1563145740,449071.0511544665
2868,1563146640,518641.8714789261
2869,1563147540,546375.2159617846
2870,1563148440,467699.36681113456
2871,1563149340,449992.42392198386
2872,1563150240,458778.73627309164
2873,1563151140,362945.21989420976
2874,1563152040,440909.6403031263
2875,1563152940,384368.95404212
